iteration,crossover_type,nbMoves,nbLoopsLS,m1,m2,m3,m4,m5,m6,m7,m8,m9,swapStar,nbMovesRepair,nbLoopsRepair,m1r,m2r,m3r,m4r,m5r,m6r,m7r,m8r,m9r,swapStarR,time_crossover,time_LS,ratio_crossover_LS
0,PL,989,8,274,33,19,214,35,26,9,142,109,128,1005,6,202,22,11,312,35,62,2,104,92,163,0.135113,0.0665079,2.03153
10,PL,1092,5,268,28,21,285,32,42,8,167,107,134,1028,7,164,25,9,299,8,47,3,97,100,276,0.134574,0.0667956,2.01472
20,PL,18,3,3,0,2,4,0,0,0,1,3,5,0,0,0,0,0,0,0,0,0,0,0,0,0.123264,0.0116231,10.605
30,PL,1021,6,261,24,20,258,20,45,10,122,134,127,0,0,0,0,0,0,0,0,0,0,0,0,0.131698,0.0332273,3.96354
40,PL,961,9,237,18,15,243,36,48,8,137,95,124,0,0,0,0,0,0,0,0,0,0,0,0,0.133241,0.0322154,4.13595
50,PL,947,6,227,29,18,225,19,47,8,157,98,119,937,6,121,17,10,244,10,48,3,89,80,315,0.131406,0.063443,2.07125
60,PL,894,5,224,24,15,241,23,26,4,131,96,110,1056,7,144,21,6,280,13,46,3,106,83,354,0.132723,0.0639754,2.07459
70,PL,933,5,231,20,11,254,19,36,7,132,95,128,1097,6,174,16,7,291,12,44,8,147,92,306,0.134222,0.0635871,2.11083
80,PL,975,5,269,25,15,249,31,36,11,118,106,115,851,6,128,13,13,217,12,40,3,96,72,257,0.13268,0.0621835,2.13369
90,PL,1068,7,258,28,28,279,32,54,9,152,113,115,0,0,0,0,0,0,0,0,0,0,0,0,0.134039,0.0315046,4.25458
100,PL,1004,6,238,21,18,271,32,42,8,140,105,129,985,8,178,18,8,263,18,43,6,130,87,234,0.1359,0.0640409,2.12207
110,PL,1065,6,256,30,19,286,35,49,7,170,105,108,1041,6,162,12,15,257,20,52,3,112,86,322,0.13587,0.0661667,2.05344
120,PL,1000,5,289,27,20,251,30,49,7,132,99,96,0,0,0,0,0,0,0,0,0,0,0,0,0.136287,0.0323783,4.20921
130,PL,1030,7,240,16,25,272,22,38,4,156,109,148,0,0,0,0,0,0,0,0,0,0,0,0,0.136724,0.037564,3.63976
140,PL,1071,5,252,17,23,280,31,33,8,171,114,142,0,0,0,0,0,0,0,0,0,0,0,0,0.139784,0.032146,4.34841
150,PL,1063,5,299,37,24,239,30,39,7,153,100,135,1084,7,199,21,13,300,34,41,2,141,90,243,0.136589,0.0673102,2.02924
160,PL,1103,5,318,28,19,288,21,32,11,167,103,116,0,0,0,0,0,0,0,0,0,0,0,0,0.138491,0.0298566,4.63855
170,PL,1049,6,252,28,23,266,38,41,7,170,121,103,1019,8,146,15,13,270,18,52,4,114,85,302,0.141002,0.0704275,2.00208
180,PL,1009,8,232,28,21,276,30,43,3,158,98,120,956,6,154,22,8,239,16,49,5,80,81,302,0.137462,0.0669688,2.05263
190,PL,1017,6,247,26,18,276,29,43,7,128,93,150,1107,8,183,16,6,303,13,64,5,166,108,243,0.138146,0.0669046,2.06482
200,PL,1166,6,261,26,18,293,31,61,7,156,124,189,832,7,119,14,13,211,19,26,4,87,76,263,0.139124,0.0729118,1.90812
210,PL,1043,5,242,28,14,271,27,42,7,150,113,149,0,0,0,0,0,0,0,0,0,0,0,0,0.130952,0.0303378,4.31645
220,PL,1036,7,235,24,14,274,35,33,6,157,119,139,0,0,0,0,0,0,0,0,0,0,0,0,0.132775,0.0334002,3.97527
230,PL,1117,6,294,17,18,273,34,39,3,148,105,186,699,6,109,15,4,178,6,33,4,52,55,243,0.130812,0.0625794,2.09033
240,PL,1230,8,303,30,27,326,34,46,10,140,134,180,0,0,0,0,0,0,0,0,0,0,0,0,0.134761,0.0422836,3.18709
250,PL,1145,6,271,25,20,306,23,40,5,183,121,151,1126,6,193,30,10,296,24,61,3,146,117,246,0.134655,0.0654963,2.05591
260,PL,999,8,265,31,15,247,29,39,7,134,102,130,773,12,96,17,8,189,10,36,4,72,67,274,0.132888,0.0724824,1.83338
270,PL,1088,6,236,23,23,303,23,39,9,161,119,152,1158,9,176,28,16,271,15,50,4,113,92,393,0.134817,0.0731856,1.84213
280,PL,1022,5,247,17,17,292,23,40,4,147,117,118,0,0,0,0,0,0,0,0,0,0,0,0,0.134353,0.0291019,4.61663
290,PL,1223,5,296,31,24,324,31,45,11,161,120,180,0,0,0,0,0,0,0,0,0,0,0,0,0.132856,0.0323683,4.10453
300,PL,1001,5,250,19,11,249,23,53,3,135,114,144,0,0,0,0,0,0,0,0,0,0,0,0,0.131091,0.0278985,4.69887
310,PL,1349,8,329,31,34,329,41,49,8,174,143,211,0,0,0,0,0,0,0,0,0,0,0,0,0.134093,0.0426981,3.1405
320,PL,1091,5,256,26,16,294,25,53,12,155,118,136,893,8,141,20,11,227,15,51,3,104,81,240,0.135855,0.0693707,1.95839
330,PL,1246,6,289,34,19,371,44,47,11,157,121,153,0,0,0,0,0,0,0,0,0,0,0,0,0.133845,0.0349017,3.83491
340,PL,1120,7,274,22,8,297,22,48,10,154,121,164,0,0,0,0,0,0,0,0,0,0,0,0,0.133302,0.0354932,3.75571
350,PL,1167,6,274,22,19,345,31,48,1,151,121,155,868,8,102,13,7,235,13,22,3,84,54,335,0.135806,0.0708585,1.91658
360,PL,1179,6,269,32,18,297,24,53,8,181,129,168,940,8,127,12,8,209,7,35,4,100,65,373,0.133557,0.0716986,1.86275
370,PL,1038,5,266,31,14,255,21,45,4,150,111,141,1085,6,168,20,10,290,17,45,0,111,97,327,0.132373,0.0628131,2.10741
380,PL,1323,5,324,44,29,362,29,63,8,178,123,163,738,8,119,11,4,180,8,32,7,76,56,245,0.132082,0.0638743,2.06784
390,PL,1018,8,241,16,23,267,23,48,2,161,99,138,0,0,0,0,0,0,0,0,0,0,0,0,0.133769,0.0313989,4.2603
400,PL,1227,8,259,27,28,346,35,60,4,177,110,181,0,0,0,0,0,0,0,0,0,0,0,0,0.137413,0.0334667,4.10597
410,PL,1403,7,291,28,17,394,43,60,10,174,171,215,495,9,61,6,10,115,1,21,0,41,26,214,0.137826,0.0737878,1.86788
420,PL,1382,7,299,29,20,377,33,55,9,223,151,186,968,7,148,11,9,237,9,58,3,93,91,309,0.131815,0.0737571,1.78714
430,PL,1387,6,283,23,25,384,47,62,5,188,136,234,596,7,73,10,6,139,9,34,0,49,40,236,0.138738,0.0647818,2.14162
440,PL,1367,7,290,33,23,371,32,57,7,187,137,230,0,0,0,0,0,0,0,0,0,0,0,0,0.135524,0.0407582,3.32508
450,PL,1278,7,300,29,29,333,31,62,9,177,130,178,971,7,151,14,9,269,19,39,4,98,83,285,0.133498,0.0747644,1.78558
460,PL,1439,6,296,32,29,397,39,61,11,185,151,238,0,0,0,0,0,0,0,0,0,0,0,0,0.133976,0.0361774,3.70331
470,PL,1312,6,301,33,21,381,46,51,5,179,140,155,0,0,0,0,0,0,0,0,0,0,0,0,0.141217,0.0365957,3.85883
480,PL,1320,6,329,26,22,351,37,67,7,184,134,163,811,9,101,12,6,159,8,34,6,73,46,366,0.13441,0.0740857,1.81425
490,PL,47,4,11,0,1,13,0,2,0,0,2,18,32,3,5,1,0,4,1,3,0,2,3,13,0.122551,0.0255273,4.80076
500,PL,1321,6,301,30,26,340,48,51,5,178,147,195,904,6,145,19,7,244,15,29,3,109,67,266,0.136934,0.0667607,2.05112
510,PL,1601,10,352,35,33,409,45,71,7,202,150,297,558,8,88,16,10,121,5,26,1,52,45,194,0.139665,0.0839116,1.66443
520,PL,1147,7,261,32,18,318,26,45,4,152,100,191,838,9,115,16,4,208,6,40,3,76,57,313,0.137421,0.0722082,1.90312
530,PL,1363,6,320,31,26,372,45,58,7,170,127,207,648,8,66,7,8,148,4,26,0,40,33,316,0.1363,0.0719188,1.8952
540,PL,1311,6,290,35,23,376,40,44,8,169,117,209,0,0,0,0,0,0,0,0,0,0,0,0,0.137977,0.0370474,3.72433
550,PL,1433,9,340,33,25,373,34,63,10,211,124,220,790,7,117,18,11,160,11,30,4,82,67,290,0.141943,0.0793819,1.7881
560,PL,1095,6,235,21,21,293,26,52,4,156,116,171,856,7,120,12,6,185,8,29,2,98,79,317,0.136194,0.0689931,1.97402
570,PL,1533,6,373,33,29,430,41,61,9,170,157,230,649,6,92,14,14,161,11,32,2,62,46,215,0.139385,0.0818831,1.70225
580,PL,1195,9,267,23,22,345,25,50,8,159,99,197,0,0,0,0,0,0,0,0,0,0,0,0,0.1366,0.0467027,2.92487
590,PL,1335,7,275,31,20,367,36,58,7,195,157,189,0,0,0,0,0,0,0,0,0,0,0,0,0.1329,0.0350692,3.78966
600,PL,1340,6,341,30,17,359,38,44,7,195,120,189,360,5,51,6,6,82,3,13,3,28,29,139,0.133888,0.0601787,2.22484
610,PL,1362,6,276,16,17,331,42,70,4,174,143,289,0,0,0,0,0,0,0,0,0,0,0,0,0.138638,0.0369598,3.75104
620,PL,1556,8,369,25,20,430,45,53,6,209,159,240,251,7,36,4,2,53,0,12,2,14,13,115,0.133813,0.0680602,1.9661
630,PL,1455,6,322,24,27,449,43,54,9,177,139,211,612,7,57,9,10,143,7,16,0,57,41,272,0.131356,0.0713392,1.84128
640,PL,1689,7,370,27,23,456,36,71,8,214,169,315,332,6,52,6,2,73,4,18,0,27,11,139,0.136358,0.065106,2.09441
650,PL,1630,7,335,31,34,457,34,70,6,210,169,284,179,9,21,3,3,33,0,5,2,14,4,94,0.133512,0.0626916,2.12966
660,PL,1582,6,357,41,19,420,51,74,2,191,200,227,273,7,38,4,4,55,2,11,1,9,7,142,0.133844,0.0612256,2.18607
670,PL,1522,8,328,40,23,410,34,58,7,214,163,245,325,7,31,3,9,64,0,18,0,13,11,176,0.133764,0.0719921,1.85804
680,PL,1676,6,341,37,17,461,45,74,6,243,181,271,0,0,0,0,0,0,0,0,0,0,0,0,0.134509,0.0370865,3.6269
690,PL,1405,6,293,22,13,396,39,55,6,208,148,225,170,7,29,5,2,42,1,6,0,8,8,69,0.135295,0.0590216,2.2923
700,PL,1556,8,329,25,21,458,43,56,5,195,169,255,0,0,0,0,0,0,0,0,0,0,0,0,0.13747,0.0415582,3.30789
710,PL,1704,7,344,35,25,493,31,75,9,239,172,281,0,0,0,0,0,0,0,0,0,0,0,0,0.134635,0.0416925,3.22924
720,PL,1473,7,313,28,34,395,37,80,7,185,150,244,399,12,52,6,2,88,7,23,1,38,19,163,0.14148,0.0787859,1.79575
730,PL,1479,7,314,25,17,419,40,57,10,192,155,250,196,6,31,3,4,41,2,5,0,12,12,86,0.135041,0.0625369,2.15938
740,PL,1602,7,307,28,19,458,44,63,3,196,176,308,0,0,0,0,0,0,0,0,0,0,0,0,0.134337,0.0424666,3.16335
750,PL,1761,7,357,34,26,504,50,63,9,218,197,303,21,3,4,1,1,7,0,2,1,0,1,4,0.133611,0.0543318,2.45917
760,PL,1542,5,319,28,23,436,46,60,6,215,164,245,0,0,0,0,0,0,0,0,0,0,0,0,0.134114,0.0367662,3.64775
770,PL,1737,7,340,35,33,468,43,84,7,211,186,330,93,4,6,2,0,23,0,3,0,6,1,52,0.134027,0.0591767,2.26486
780,PL,1437,6,294,32,19,414,43,67,10,177,158,223,0,0,0,0,0,0,0,0,0,0,0,0,0.131572,0.037533,3.5055
790,PL,32,4,3,0,1,5,0,1,1,0,0,21,25,4,7,0,2,7,0,0,0,0,2,7,0.122995,0.0272755,4.50937
800,PL,1591,6,321,38,20,447,36,55,5,239,171,259,597,8,55,11,9,148,8,17,2,64,40,243,0.135117,0.0716541,1.88568
810,PL,1733,7,353,32,25,461,40,80,3,229,175,335,0,0,0,0,0,0,0,0,0,0,0,0,0.135084,0.0439024,3.07691
820,PL,1656,6,322,32,21,471,57,82,2,233,179,257,191,9,22,2,1,34,0,4,2,8,17,101,0.134596,0.0621903,2.16426
830,PL,1572,8,299,38,19,432,49,71,8,211,146,299,0,0,0,0,0,0,0,0,0,0,0,0,0.13243,0.0410416,3.22674
840,PL,1759,7,364,30,27,519,51,71,12,222,179,284,0,0,0,0,0,0,0,0,0,0,0,0,0.134876,0.0412282,3.27144
850,PL,1752,9,350,36,29,540,38,75,5,229,171,279,241,8,46,6,0,51,1,12,0,16,9,100,0.135784,0.0654872,2.07345
860,PL,1570,9,293,35,17,431,36,73,7,219,155,304,41,4,10,0,0,4,0,2,0,2,3,20,0.132986,0.0540884,2.45869
870,PL,1498,7,305,18,29,439,42,59,7,184,168,247,348,7,32,8,7,79,2,12,1,36,21,150,0.137974,0.0673615,2.04827
880,PL,1586,6,319,34,17,472,31,57,9,198,166,283,185,5,20,7,0,52,3,9,1,20,10,63,0.139311,0.0623359,2.23485
890,PL,1712,8,329,30,21,469,44,59,8,230,152,370,0,0,0,0,0,0,0,0,0,0,0,0,0.133181,0.0430317,3.09495
900,PL,1820,7,398,31,33,485,41,71,7,265,201,288,0,0,0,0,0,0,0,0,0,0,0,0,0.136832,0.0404368,3.38384
910,PL,1807,6,415,41,26,481,52,65,7,212,159,349,57,5,4,0,0,14,0,1,0,4,0,34,0.135105,0.0576433,2.34381
920,PL,1949,7,363,44,24,571,49,93,8,277,200,320,58,5,6,0,3,13,0,0,1,3,1,31,0.134959,0.0571923,2.35973
930,PL,1717,7,353,21,18,496,44,71,5,239,169,301,29,5,5,0,1,5,0,1,0,3,0,14,0.137138,0.054163,2.53194
940,PL,1842,6,338,33,23,540,60,71,6,258,168,345,0,0,0,0,0,0,0,0,0,0,0,0,0.133749,0.0434112,3.08099
950,PL,1815,6,370,38,24,477,49,83,12,257,186,319,29,3,7,1,0,4,2,0,1,2,4,8,0.135393,0.0504443,2.68401
960,PL,1663,7,324,37,27,478,27,69,6,228,150,317,364,5,47,6,2,84,5,13,1,30,35,141,0.13385,0.0663462,2.01745
970,PL,1712,7,321,33,24,464,43,83,5,258,162,319,16,5,3,0,1,4,0,0,0,1,0,7,0.133667,0.0546311,2.44671
980,PL,1898,7,379,32,20,546,67,89,5,259,193,308,0,0,0,0,0,0,0,0,0,0,0,0,0.132757,0.041748,3.17996
990,PL,1416,9,283,23,16,414,38,68,4,186,124,260,0,0,0,0,0,0,0,0,0,0,0,0,0.134485,0.042412,3.17093
1000,PL,1929,6,381,56,30,550,51,89,7,270,196,299,0,0,0,0,0,0,0,0,0,0,0,0,0.13302,0.0356166,3.73478
1010,PL,1663,7,334,31,19,467,46,68,5,218,167,308,66,6,5,0,1,10,0,0,0,1,3,46,0.137054,0.0579494,2.36507
1020,PL,2047,10,408,42,26,547,62,90,13,249,197,413,0,0,0,0,0,0,0,0,0,0,0,0,0.139016,0.0474597,2.92915
1030,PL,1812,8,318,26,23,548,50,90,11,224,158,364,26,5,4,1,0,4,0,1,0,3,0,13,0.139323,0.0603506,2.30855
1040,PL,1884,8,375,33,15,538,47,84,7,261,186,338,0,0,0,0,0,0,0,0,0,0,0,0,0.138733,0.0458882,3.02328
1050,PL,1860,6,370,30,18,583,52,74,9,210,180,334,0,0,0,0,0,0,0,0,0,0,0,0,0.139588,0.0417771,3.34126
1060,PL,1939,7,360,41,24,542,46,99,6,243,199,379,0,0,0,0,0,0,0,0,0,0,0,0,0.137311,0.0435584,3.15234
1070,PL,1992,7,403,37,13,575,47,75,6,262,194,380,0,0,0,0,0,0,0,0,0,0,0,0,0.135635,0.0453272,2.99236
1080,PL,1976,8,394,42,26,563,47,98,9,254,204,339,0,0,0,0,0,0,0,0,0,0,0,0,0.138733,0.041155,3.371
1090,PL,1702,7,339,27,24,472,32,73,4,223,154,354,0,0,0,0,0,0,0,0,0,0,0,0,0.138977,0.0445501,3.11956
1100,PL,1998,6,396,30,27,577,46,91,10,272,201,348,0,0,0,0,0,0,0,0,0,0,0,0,0.139234,0.0371576,3.74713
1110,PL,1691,7,324,23,23,474,46,60,6,234,160,341,0,0,0,0,0,0,0,0,0,0,0,0,0.137117,0.0424668,3.22881
1120,PL,1877,7,350,28,28,545,35,92,10,258,192,339,0,0,0,0,0,0,0,0,0,0,0,0,0.140253,0.0421636,3.3264
1130,PL,1768,7,357,25,19,540,42,72,5,205,178,325,0,0,0,0,0,0,0,0,0,0,0,0,0.140382,0.0450025,3.11941
1140,PL,1722,9,361,34,34,482,51,79,6,220,166,289,0,0,0,0,0,0,0,0,0,0,0,0,0.132921,0.0410151,3.24078
1150,PL,1848,6,343,38,18,499,56,109,7,226,165,387,0,0,0,0,0,0,0,0,0,0,0,0,0.135181,0.0402662,3.35718
1160,PL,1725,7,324,35,27,479,43,73,11,232,165,336,0,0,0,0,0,0,0,0,0,0,0,0,0.133485,0.0433499,3.07925
1170,PL,1599,8,337,23,17,433,47,78,5,212,153,294,0,0,0,0,0,0,0,0,0,0,0,0,0.133932,0.0425142,3.15029
1180,PL,1841,7,374,30,24,522,49,92,2,237,171,340,0,0,0,0,0,0,0,0,0,0,0,0,0.137185,0.0472646,2.90248
1190,PL,1843,6,386,36,24,497,55,77,6,270,186,306,41,5,8,0,1,6,0,1,0,1,1,23,0.133939,0.0540595,2.47761
1200,PL,1643,9,325,26,27,441,48,68,7,218,187,296,82,5,14,1,2,20,2,5,0,3,10,25,0.132523,0.0557869,2.37552
1210,PL,1871,9,364,50,20,476,61,89,9,259,170,373,0,0,0,0,0,0,0,0,0,0,0,0,0.134603,0.0449067,2.9974
1220,PL,1794,7,341,23,20,525,40,71,6,220,194,354,0,0,0,0,0,0,0,0,0,0,0,0,0.133745,0.0404799,3.30399
1230,PL,1947,6,379,34,16,527,44,110,5,259,196,377,0,0,0,0,0,0,0,0,0,0,0,0,0.135528,0.0382831,3.54015
1240,PL,1827,9,359,21,25,517,47,78,8,261,173,338,141,5,16,1,3,29,2,6,1,4,11,68,0.136928,0.0650565,2.10476
1250,PL,1735,8,339,26,19,521,56,73,2,189,151,359,19,4,3,0,0,3,0,1,1,1,0,10,0.136405,0.0565882,2.41048
1260,PL,1664,7,291,20,19,454,47,84,3,229,161,356,0,0,0,0,0,0,0,0,0,0,0,0,0.132517,0.040432,3.27752
1270,PL,1861,10,336,29,24,517,42,78,9,213,176,437,0,0,0,0,0,0,0,0,0,0,0,0,0.135191,0.0485456,2.78482
1280,PL,1779,7,394,26,19,430,50,76,3,235,167,379,83,4,14,1,0,18,0,5,0,3,3,39,0.135767,0.0561368,2.4185
1290,PL,1845,8,364,28,21,509,43,71,3,221,174,411,21,5,7,0,0,6,0,1,0,1,1,5,0.134452,0.0555529,2.42026
1300,PL,1764,7,322,31,26,521,42,90,9,251,195,277,0,0,0,0,0,0,0,0,0,0,0,0,0.131171,0.0374964,3.49823
1310,PL,1987,8,360,31,23,540,62,97,11,274,198,391,0,0,0,0,0,0,0,0,0,0,0,0,0.133154,0.0461617,2.8845
1320,PL,1793,12,358,33,27,491,51,92,10,240,163,328,117,7,21,3,0,28,3,3,0,10,11,38,0.135593,0.0643506,2.1071
1330,PL,1582,6,327,36,25,450,33,68,5,220,130,288,0,0,0,0,0,0,0,0,0,0,0,0,0.134245,0.0404831,3.31607
1340,PL,1872,11,390,45,25,503,51,84,11,261,162,340,42,5,4,1,1,7,0,2,0,2,3,22,0.136041,0.0599348,2.26981
1350,PL,1646,6,331,36,23,472,49,77,6,223,152,277,129,5,21,2,3,25,0,6,0,7,3,62,0.138167,0.0576647,2.39603
1360,PL,1839,6,396,37,23,541,61,76,4,229,181,291,0,0,0,0,0,0,0,0,0,0,0,0,0.133922,0.039829,3.36243
1370,PL,0,3,0,0,0,0,0,0,0,0,0,0,3,3,0,1,0,2,0,0,0,0,0,0,0.122945,0.021319,5.76694
1380,PL,1729,8,335,40,23,480,42,80,7,231,163,328,0,0,0,0,0,0,0,0,0,0,0,0,0.134164,0.043159,3.1086
1390,PL,1591,7,318,25,18,386,45,74,7,197,156,365,0,0,0,0,0,0,0,0,0,0,0,0,0.13712,0.0441887,3.10307
1400,PL,1696,6,301,38,27,492,41,72,6,230,184,305,0,0,0,0,0,0,0,0,0,0,0,0,0.132445,0.0374643,3.53523
1410,PL,2008,8,358,39,22,547,47,87,6,260,214,428,0,0,0,0,0,0,0,0,0,0,0,0,0.134702,0.0425204,3.16793
1420,PL,1961,7,394,32,31,572,43,83,4,275,185,342,0,0,0,0,0,0,0,0,0,0,0,0,0.133995,0.0408789,3.27784
1430,PL,1356,5,276,18,18,409,46,56,4,157,127,245,344,7,52,8,4,88,6,17,0,37,30,102,0.135795,0.0659129,2.06022
1440,PL,1807,8,349,36,19,505,61,71,12,253,159,342,0,0,0,0,0,0,0,0,0,0,0,0,0.139753,0.0431907,3.23573
1450,PL,2108,7,414,35,25,587,44,101,4,298,203,397,0,0,0,0,0,0,0,0,0,0,0,0,0.137699,0.0410863,3.35145
1460,PL,1660,6,306,26,23,480,31,72,10,225,171,316,6,4,0,0,0,1,0,0,0,0,0,5,0.137316,0.0497356,2.76092
1470,PL,1668,6,356,32,22,469,41,75,9,196,162,306,33,4,2,0,1,6,0,3,0,2,2,17,0.134729,0.0472889,2.84906
1480,PL,1681,8,315,35,15,477,37,79,9,219,158,337,0,0,0,0,0,0,0,0,0,0,0,0,0.134063,0.0419959,3.19228
1490,PL,2004,8,345,31,27,578,47,91,6,274,194,411,0,0,0,0,0,0,0,0,0,0,0,0,0.135655,0.0489974,2.76861
1500,PL,1880,7,340,32,17,550,41,101,10,258,158,373,0,0,0,0,0,0,0,0,0,0,0,0,0.136661,0.0397739,3.43594
1510,PL,1788,8,350,32,18,523,44,93,9,218,153,348,68,4,10,1,1,11,0,3,0,4,4,34,0.132879,0.0614908,2.16096
1520,PL,1949,7,354,28,32,552,60,92,6,240,181,404,8,3,1,0,0,2,0,1,0,1,0,3,0.133413,0.0550928,2.42161
1530,PL,1869,10,370,35,16,552,36,73,9,237,170,371,0,0,0,0,0,0,0,0,0,0,0,0,0.135902,0.0474021,2.86701
1540,PL,2013,7,391,45,27,578,47,104,7,232,187,395,19,3,3,1,0,5,0,0,0,1,3,6,0.135931,0.0521045,2.60882
1550,PL,1738,8,351,32,16,489,44,78,5,201,178,344,0,0,0,0,0,0,0,0,0,0,0,0,0.133901,0.0441349,3.03391
1560,PL,1760,8,336,29,14,468,56,83,11,233,169,361,0,0,0,0,0,0,0,0,0,0,0,0,0.139558,0.0443921,3.14377
1570,PL,2109,8,425,34,28,585,54,100,7,288,197,391,0,0,0,0,0,0,0,0,0,0,0,0,0.135063,0.0443982,3.04207
1580,PL,1847,8,335,30,16,536,39,87,6,238,181,379,0,0,0,0,0,0,0,0,0,0,0,0,0.133665,0.0424576,3.14821
1590,PL,1777,10,355,28,18,476,38,66,13,214,182,387,211,8,29,5,3,44,3,13,0,14,13,87,0.130677,0.0693406,1.88457
1600,PL,1868,6,372,35,18,532,51,99,9,257,182,313,0,0,0,0,0,0,0,0,0,0,0,0,0.132253,0.0366913,3.60447
1610,PL,1660,7,300,21,21,478,30,71,9,209,153,368,0,0,0,0,0,0,0,0,0,0,0,0,0.132827,0.0442047,3.00482
1620,PL,1780,7,311,29,25,509,59,66,10,231,161,379,0,0,0,0,0,0,0,0,0,0,0,0,0.1339,0.0423192,3.16405
1630,PL,2081,6,410,46,27,555,57,87,13,287,196,403,7,3,1,0,0,2,0,1,0,1,0,2,0.138424,0.0518862,2.66785
1640,PL,1626,9,330,21,18,470,44,64,7,200,137,335,0,0,0,0,0,0,0,0,0,0,0,0,0.133109,0.0439345,3.02972
1650,PL,1759,6,318,37,19,515,57,74,7,233,182,317,0,0,0,0,0,0,0,0,0,0,0,0,0.133343,0.0356357,3.74183
1660,PL,1789,7,316,29,22,529,37,87,5,236,167,361,359,8,37,2,6,61,3,8,0,21,24,197,0.135382,0.077211,1.7534
1670,PL,1925,7,417,38,22,500,54,85,6,249,195,359,0,0,0,0,0,0,0,0,0,0,0,0,0.134169,0.0416969,3.21773
1680,PL,1964,6,410,37,18,558,61,93,4,263,212,308,0,0,0,0,0,0,0,0,0,0,0,0,0.134942,0.0384097,3.51323
1690,PL,1834,6,323,39,17,521,40,92,6,237,180,379,0,0,0,0,0,0,0,0,0,0,0,0,0.139823,0.0433988,3.22182
1700,PL,1773,6,357,28,19,496,51,85,7,231,202,297,0,0,0,0,0,0,0,0,0,0,0,0,0.132242,0.0375948,3.51757
1710,PL,1838,8,336,27,24,517,37,87,7,225,172,406,10,4,1,0,0,3,0,0,0,0,0,6,0.135226,0.055717,2.42702
1720,PL,1764,6,320,30,18,523,37,76,5,230,181,344,214,8,28,5,2,34,0,9,0,18,15,103,0.140164,0.0687948,2.03742
1730,PL,1745,7,348,24,16,503,44,80,6,204,149,371,0,0,0,0,0,0,0,0,0,0,0,0,0.134257,0.0415234,3.23329
1740,PL,1970,6,411,27,23,594,45,89,7,270,198,306,0,0,0,0,0,0,0,0,0,0,0,0,0.133638,0.0410318,3.25694
1750,PL,1936,9,367,37,18,565,60,86,6,238,177,382,0,0,0,0,0,0,0,0,0,0,0,0,0.132537,0.0432918,3.06148
1760,PL,1834,7,332,31,23,520,45,88,3,225,189,378,1,3,0,0,0,1,0,0,0,0,0,0,0.13436,0.0478125,2.81015
1770,PL,1656,6,337,28,22,461,37,65,10,212,156,328,0,0,0,0,0,0,0,0,0,0,0,0,0.135858,0.0397877,3.41457
1780,PL,1721,7,350,32,22,472,59,53,6,213,184,330,185,8,15,4,4,33,3,8,1,16,11,90,0.133327,0.0652214,2.04422
1790,PL,1699,8,353,18,24,480,36,64,5,234,175,310,15,3,2,0,0,5,0,1,0,0,0,7,0.133709,0.0543258,2.46124
1800,PL,1848,7,387,41,34,519,51,78,6,236,189,307,0,0,0,0,0,0,0,0,0,0,0,0,0.133504,0.0401058,3.32881
1810,PL,1976,8,393,32,24,528,49,99,3,243,232,373,0,0,0,0,0,0,0,0,0,0,0,0,0.133522,0.0423735,3.15106
1820,PL,1700,6,346,23,22,478,65,68,1,218,172,307,128,5,12,2,3,22,0,3,0,10,4,72,0.134014,0.0597316,2.24361
1830,PL,1970,8,373,34,18,562,34,82,9,236,235,387,0,0,0,0,0,0,0,0,0,0,0,0,0.133964,0.0441308,3.03561
1840,PL,1807,8,349,30,28,529,36,78,8,212,182,355,0,0,0,0,0,0,0,0,0,0,0,0,0.133719,0.0421927,3.16925
1850,PL,2009,6,403,42,22,591,48,80,6,232,186,399,0,0,0,0,0,0,0,0,0,0,0,0,0.13418,0.0369012,3.63619
1860,PL,2124,6,438,39,36,638,55,105,9,291,225,288,0,0,0,0,0,0,0,0,0,0,0,0,0.13846,0.0404335,3.42438
1870,PL,2017,11,401,28,22,544,48,91,11,250,214,408,0,0,0,0,0,0,0,0,0,0,0,0,0.135047,0.0454319,2.97252
1880,PL,2012,7,398,38,30,528,58,103,5,289,199,364,0,0,0,0,0,0,0,0,0,0,0,0,0.136801,0.0423073,3.2335
1890,PL,2214,9,411,26,36,600,68,110,3,289,228,443,0,0,0,0,0,0,0,0,0,0,0,0,0.136759,0.0456591,2.99522
1900,PL,2061,7,400,40,23,593,53,78,8,259,215,392,0,0,0,0,0,0,0,0,0,0,0,0,0.13523,0.043442,3.11288
1910,PL,2071,9,463,40,20,619,68,88,8,288,196,281,0,0,0,0,0,0,0,0,0,0,0,0,0.135696,0.0391969,3.4619
1920,PL,1964,7,367,29,27,578,48,93,6,257,211,348,0,0,0,0,0,0,0,0,0,0,0,0,0.135464,0.0400103,3.38572
1930,PL,1571,7,313,30,13,470,45,67,4,202,156,271,0,0,0,0,0,0,0,0,0,0,0,0,0.1337,0.0408771,3.27078
1940,PL,1814,6,343,34,25,534,48,85,6,246,169,324,8,3,3,0,0,2,0,1,0,0,0,2,0.134725,0.0534784,2.51925
1950,PL,1826,6,376,35,19,517,34,87,4,276,188,290,0,0,0,0,0,0,0,0,0,0,0,0,0.132604,0.035245,3.76234
1960,PL,0,3,0,0,0,0,0,0,0,0,0,0,1,3,0,0,0,1,0,0,0,0,0,0,0.123128,0.0201424,6.11286
1970,PL,1882,6,362,34,21,568,48,76,5,246,168,354,148,7,26,2,2,26,3,6,0,10,16,57,0.137707,0.0616233,2.23465
1980,PL,1788,6,326,33,23,489,58,89,8,221,172,369,4,3,0,0,0,1,0,0,0,0,0,3,0.137726,0.0490919,2.80547
1990,PL,1753,7,369,38,25,510,45,72,9,207,167,311,0,0,0,0,0,0,0,0,0,0,0,0,0.133803,0.042977,3.11338
2000,PL,1896,7,356,27,28,524,43,82,8,239,196,393,250,5,45,6,2,56,5,11,0,29,18,78,0.134085,0.0636186,2.10763
2010,PL,1942,6,371,26,18,589,31,88,6,249,188,376,0,0,0,0,0,0,0,0,0,0,0,0,0.137362,0.0444296,3.09167
2020,PL,1641,6,314,27,21,487,34,79,3,226,166,284,77,6,17,0,3,14,0,3,0,3,4,33,0.132014,0.0529878,2.4914
2030,PL,1798,6,381,41,17,497,54,116,5,239,179,269,0,0,0,0,0,0,0,0,0,0,0,0,0.133439,0.0353779,3.77181
2040,PL,1958,7,404,37,35,582,40,82,12,255,180,331,0,0,0,0,0,0,0,0,0,0,0,0,0.135789,0.0438204,3.09876
2050,PL,1836,6,398,49,23,511,66,88,6,221,172,302,0,0,0,0,0,0,0,0,0,0,0,0,0.134962,0.0392509,3.43845
2060,PL,1778,7,336,39,21,518,63,69,7,224,161,340,0,0,0,0,0,0,0,0,0,0,0,0,0.138594,0.0415004,3.33958
2070,PL,2044,9,433,28,22,541,45,78,9,284,214,390,0,0,0,0,0,0,0,0,0,0,0,0,0.139114,0.0478181,2.90923
2080,PL,1699,8,334,35,24,464,60,92,12,230,182,266,0,0,0,0,0,0,0,0,0,0,0,0,0.13858,0.0381912,3.62859
2090,PL,1739,7,346,28,17,512,50,66,4,206,176,334,0,0,0,0,0,0,0,0,0,0,0,0,0.135315,0.0432292,3.13017
2100,PL,1542,5,297,38,15,417,43,80,5,201,159,287,177,6,19,2,3,33,0,7,0,8,9,96,0.135615,0.0611488,2.21779
2110,PL,1878,8,335,27,26,487,46,89,13,264,200,391,548,7,86,10,5,116,15,23,1,66,53,173,0.141301,0.0807732,1.74936
2120,PL,1895,6,400,36,23,514,50,100,9,277,175,311,0,0,0,0,0,0,0,0,0,0,0,0,0.134727,0.0393287,3.42566
2130,PL,1741,6,325,28,29,494,35,78,9,212,171,360,5,3,1,1,0,2,0,0,0,0,0,1,0.141938,0.0527273,2.69193
2140,PL,1529,7,279,28,10,468,26,65,4,194,143,312,211,8,24,2,2,32,0,3,0,11,2,135,0.138981,0.0702344,1.97881
2150,PL,0,3,0,0,0,0,0,0,0,0,0,0,0,0,0,0,0,0,0,0,0,0,0,0,0.126249,0.0105351,11.9837
2160,PL,0,3,0,0,0,0,0,0,0,0,0,0,0,0,0,0,0,0,0,0,0,0,0,0,0.127027,0.0117686,10.7937
2170,PL,1896,6,370,32,23,553,53,90,7,222,166,380,0,0,0,0,0,0,0,0,0,0,0,0,0.140165,0.0410374,3.41553
2180,PL,1867,8,358,41,31,536,46,86,5,244,212,308,0,0,0,0,0,0,0,0,0,0,0,0,0.13563,0.0415581,3.26362
2190,PL,1675,7,325,22,18,431,44,75,8,226,159,367,86,8,3,1,1,16,0,5,0,2,3,55,0.136702,0.0645375,2.11817
2200,PL,1773,8,374,34,16,491,44,91,6,224,163,330,0,0,0,0,0,0,0,0,0,0,0,0,0.134684,0.0415369,3.2425
2210,PL,1721,9,349,27,26,482,39,77,11,240,162,308,289,6,39,3,1,63,4,13,0,27,21,118,0.133454,0.0719687,1.85434
2220,PL,1781,8,378,29,18,504,39,83,10,223,167,330,21,3,2,1,0,7,0,1,0,2,0,8,0.136851,0.0520137,2.63105
2230,PL,1624,8,337,38,18,435,37,84,12,238,163,262,180,4,12,2,4,29,0,5,0,13,8,107,0.134117,0.0599474,2.23724
2240,PL,1770,6,352,29,32,479,59,77,8,230,184,320,0,0,0,0,0,0,0,0,0,0,0,0,0.132913,0.0393125,3.38093
2250,PL,1702,8,315,21,18,507,45,79,6,220,155,336,245,7,40,11,2,46,1,14,0,17,21,93,0.134814,0.0719132,1.87468
2260,PL,1694,6,323,28,20,470,40,70,14,207,211,311,215,5,54,9,2,53,4,13,2,30,16,32,0.134835,0.0551228,2.44608
2270,PL,1597,9,294,29,27,489,34,65,8,169,163,319,0,0,0,0,0,0,0,0,0,0,0,0,0.132486,0.0499729,2.65115
2280,PL,1858,6,366,31,19,532,55,90,5,251,198,311,165,4,14,4,0,35,1,3,1,15,10,82,0.136131,0.0543764,2.5035
2290,PL,1479,6,301,31,25,427,49,65,5,178,150,248,0,0,0,0,0,0,0,0,0,0,0,0,0.134617,0.0410323,3.28076
2300,PL,1942,9,410,42,33,577,55,81,13,220,192,319,58,5,6,0,0,12,0,3,1,6,5,25,0.134181,0.0569346,2.35676
2310,PL,1742,8,334,26,17,491,39,79,5,214,170,367,0,0,0,0,0,0,0,0,0,0,0,0,0.134457,0.0426744,3.15075
2320,PL,1929,9,369,29,27,557,47,95,7,271,197,330,0,0,0,0,0,0,0,0,0,0,0,0,0.133804,0.042017,3.18451
2330,PL,1921,9,368,34,19,507,50,86,10,263,210,374,0,0,0,0,0,0,0,0,0,0,0,0,0.137324,0.0433119,3.17059
2340,PL,1737,8,312,38,20,501,40,85,12,219,159,351,0,0,0,0,0,0,0,0,0,0,0,0,0.135959,0.0439759,3.09167
2350,PL,1999,7,425,29,33,612,52,80,6,255,181,326,74,4,24,0,0,10,6,6,0,7,9,12,0.135678,0.0528559,2.56694
2360,PL,1784,8,382,37,29,517,57,81,9,217,174,281,176,7,21,5,1,29,0,7,1,15,12,85,0.134266,0.0655958,2.04687
2370,PL,1733,7,364,36,30,497,44,82,4,222,147,307,74,6,11,0,0,13,0,0,0,4,3,43,0.13255,0.0630435,2.10252
2380,PL,1860,6,366,32,21,553,38,89,10,233,187,331,34,4,8,1,1,7,0,3,0,2,1,11,0.133404,0.0533895,2.49869
2390,PL,1829,6,351,33,19,533,42,78,11,237,202,323,0,0,0,0,0,0,0,0,0,0,0,0,0.137861,0.0473972,2.90864
2400,PL,2107,7,387,38,27,597,51,96,8,269,214,420,84,6,11,2,3,24,0,3,0,4,0,37,0.14013,0.0595566,2.35288
2410,PL,1438,9,276,23,14,401,26,63,2,182,135,316,454,8,58,9,5,91,4,25,1,38,34,189,0.135229,0.0798876,1.69274
2420,PL,1592,8,326,24,18,480,46,63,7,194,138,296,0,0,0,0,0,0,0,0,0,0,0,0,0.137194,0.0421174,3.25742
2430,PL,1646,7,315,23,18,489,42,66,6,192,151,344,14,3,1,0,0,2,0,0,0,0,0,11,0.135175,0.0539824,2.50406
2440,PL,1830,9,346,23,26,539,47,65,9,231,195,349,0,0,0,0,0,0,0,0,0,0,0,0,0.134923,0.0458727,2.94124
2450,PL,1586,7,306,37,18,471,45,61,5,196,131,316,552,7,62,6,3,120,6,16,2,33,32,272,0.133442,0.0776956,1.71749
2460,PL,1912,8,380,36,18,540,49,102,11,240,205,331,47,4,4,0,2,7,0,1,0,3,1,29,0.138481,0.0589482,2.3492
2470,PL,1956,8,387,28,26,544,55,93,9,243,194,377,11,3,1,0,1,3,0,0,0,0,0,6,0.141026,0.0593695,2.37539
2480,PL,1781,6,392,43,22,506,34,77,8,237,172,290,11,3,5,0,0,3,0,1,1,0,1,0,0.138423,0.0483177,2.86484
2490,PL,1728,6,376,36,25,475,41,77,6,228,170,294,8,3,2,0,0,1,0,1,0,0,1,3,0.138958,0.0488003,2.84747
2500,PL,1617,7,327,41,20,440,29,78,9,201,148,324,86,5,8,1,0,14,0,2,0,2,4,55,0.137062,0.0601312,2.27938
2510,PL,1825,6,340,41,30,473,43,83,3,238,155,419,3,3,0,0,0,3,0,0,0,0,0,0,0.138699,0.0507272,2.73422
2520,PL,2069,10,393,39,22,595,54,100,5,261,202,398,0,0,0,0,0,0,0,0,0,0,0,0,0.138489,0.0471022,2.94019
2530,PL,2007,6,391,42,16,593,51,98,7,270,221,318,0,0,0,0,0,0,0,0,0,0,0,0,0.135765,0.0385584,3.52102
2540,PL,1752,7,365,36,17,518,44,82,6,224,167,293,0,0,0,0,0,0,0,0,0,0,0,0,0.133147,0.0364211,3.65576
2550,PL,1745,7,332,30,16,494,45,101,6,247,145,329,42,5,3,0,1,9,0,0,0,8,1,20,0.133987,0.0546274,2.45275
2560,PL,1841,6,351,25,25,522,58,96,7,214,219,324,0,0,0,0,0,0,0,0,0,0,0,0,0.134622,0.0389958,3.45221
2570,PL,1496,7,357,24,18,388,37,54,7,202,150,259,41,5,5,3,0,8,0,0,0,3,5,17,0.137009,0.0547099,2.50428
2580,PL,1837,7,388,38,25,515,41,72,6,240,173,339,0,0,0,0,0,0,0,0,0,0,0,0,0.137721,0.0404816,3.40207
2590,PL,1527,6,299,23,21,395,41,75,7,217,169,280,24,3,4,0,0,7,0,1,0,1,2,9,0.13322,0.046639,2.85641
2600,PL,1705,9,314,32,22,516,37,87,4,200,144,349,46,6,12,1,1,11,0,4,0,3,5,9,0.132831,0.0627096,2.11819
2610,PL,1810,7,381,39,21,515,40,83,4,208,198,321,0,0,0,0,0,0,0,0,0,0,0,0,0.133677,0.0408028,3.27616
2620,PL,1731,7,344,23,23,506,46,77,7,207,161,337,124,5,14,6,3,27,0,8,1,4,8,53,0.13422,0.0573734,2.33942
2630,PL,1727,8,339,32,21,511,34,75,8,222,161,324,25,4,5,2,0,8,0,0,0,1,1,8,0.133335,0.0508315,2.62308
2640,PL,1445,8,290,27,22,436,38,56,12,174,136,254,62,7,6,2,1,14,0,3,1,3,1,31,0.136185,0.0566767,2.40283
2650,PL,1754,5,358,26,28,467,51,64,5,246,182,327,0,0,0,0,0,0,0,0,0,0,0,0,0.133678,0.0351148,3.8069
2660,PL,1837,6,333,29,22,497,51,84,11,270,156,384,0,0,0,0,0,0,0,0,0,0,0,0,0.13179,0.0420804,3.13187
2670,PL,1843,7,353,29,28,521,46,69,9,231,194,363,0,0,0,0,0,0,0,0,0,0,0,0,0.134008,0.0408081,3.28385
2680,PL,1762,6,361,28,16,511,48,72,10,231,190,295,155,6,16,4,0,28,0,7,0,7,6,87,0.134558,0.062375,2.15724
2690,PL,1656,6,308,37,21,467,46,81,10,209,147,330,27,3,7,0,0,5,0,2,0,0,4,9,0.139036,0.0526573,2.6404
2700,PL,1841,6,365,28,25,527,60,58,7,249,154,368,0,0,0,0,0,0,0,0,0,0,0,0,0.137904,0.0389357,3.54185
2710,PL,1761,6,315,22,24,522,32,87,3,222,182,352,0,0,0,0,0,0,0,0,0,0,0,0,0.132618,0.0393135,3.37334
2720,PL,1834,7,371,45,21,480,61,72,3,239,178,364,0,0,0,0,0,0,0,0,0,0,0,0,0.133608,0.0430051,3.1068
2730,PL,2078,6,457,33,26,591,76,92,8,264,200,331,0,0,0,0,0,0,0,0,0,0,0,0,0.132783,0.039099,3.39608
2740,PL,1739,6,338,47,27,473,53,71,4,214,185,327,0,0,0,0,0,0,0,0,0,0,0,0,0.134482,0.0406225,3.31054
2750,PL,1672,8,304,33,22,494,33,82,10,217,145,332,0,0,0,0,0,0,0,0,0,0,0,0,0.132434,0.0414224,3.19716
2760,PL,1891,7,383,31,18,499,57,76,7,235,173,412,0,0,0,0,0,0,0,0,0,0,0,0,0.133918,0.0434889,3.07936
2770,PL,1874,9,383,41,21,524,44,89,12,236,154,370,0,0,0,0,0,0,0,0,0,0,0,0,0.135182,0.042819,3.15705
2780,PL,1829,7,383,34,21,497,44,90,5,258,177,320,0,0,0,0,0,0,0,0,0,0,0,0,0.133869,0.0402953,3.32219
2790,PL,1842,7,374,33,21,519,64,69,7,234,174,347,0,0,0,0,0,0,0,0,0,0,0,0,0.135796,0.0441544,3.07549
2800,PL,2073,6,363,32,34,566,74,101,8,259,223,413,0,0,0,0,0,0,0,0,0,0,0,0,0.134336,0.0422717,3.17792
2810,PL,1674,7,362,27,20,460,39,62,8,219,155,322,0,0,0,0,0,0,0,0,0,0,0,0,0.134964,0.0402574,3.35252
2820,PL,1533,8,302,39,18,437,41,63,5,200,148,280,21,4,3,1,0,5,0,0,0,1,0,11,0.135599,0.0544444,2.4906
2830,PL,1648,6,340,21,24,484,37,74,0,228,165,275,190,10,34,3,3,49,5,8,2,19,13,54,0.136888,0.0603635,2.26773
2840,PL,2035,6,443,32,31,587,54,79,3,286,185,335,121,5,12,3,4,26,0,5,0,5,5,61,0.139756,0.0615625,2.27014
2850,PL,1738,7,338,25,25,486,39,74,2,244,172,333,30,5,6,2,0,7,0,0,0,0,1,14,0.131954,0.0538002,2.45268
2860,PL,1791,8,397,34,24,514,37,62,3,216,184,320,0,0,0,0,0,0,0,0,0,0,0,0,0.137264,0.0477074,2.87721
2870,PL,1680,8,335,21,27,478,47,63,7,201,169,332,0,0,0,0,0,0,0,0,0,0,0,0,0.134166,0.0432503,3.10208
2880,PL,1803,7,390,41,23,529,38,76,5,252,170,279,0,0,0,0,0,0,0,0,0,0,0,0,0.135245,0.0419202,3.22624
2890,PL,2005,8,417,52,23,521,49,98,7,268,207,363,0,0,0,0,0,0,0,0,0,0,0,0,0.135367,0.0423685,3.19499
2900,PL,1916,8,381,38,21,580,51,92,7,247,172,327,142,7,14,2,2,35,0,1,0,4,4,80,0.137878,0.0647574,2.12914
2910,PL,2095,7,401,44,30,608,62,111,7,282,192,358,0,0,0,0,0,0,0,0,0,0,0,0,0.139785,0.0446662,3.12955
2920,PL,1733,8,354,30,21,517,50,70,7,192,153,339,0,0,0,0,0,0,0,0,0,0,0,0,0.135336,0.0440806,3.07019
2930,PL,1643,7,355,32,17,443,42,69,4,215,168,298,12,4,2,0,0,4,0,0,0,2,1,3,0.134194,0.0500864,2.67925
2940,PL,1681,7,327,25,24,447,46,92,7,229,183,301,0,0,0,0,0,0,0,0,0,0,0,0,0.135836,0.0392389,3.46177
2950,PL,1877,7,353,35,29,508,46,79,4,256,210,357,0,0,0,0,0,0,0,0,0,0,0,0,0.138639,0.0414082,3.3481
2960,PL,1624,7,344,44,24,454,45,84,9,169,141,310,255,5,25,4,2,53,1,11,0,17,14,128,0.132922,0.0690155,1.92598
2970,PL,1697,7,336,29,23,480,35,78,5,212,180,319,0,0,0,0,0,0,0,0,0,0,0,0,0.136286,0.0430349,3.16689
2980,PL,1712,9,326,35,28,497,45,79,6,222,174,300,0,0,0,0,0,0,0,0,0,0,0,0,0.134385,0.0433055,3.10319
2990,PL,1608,6,305,25,10,455,43,59,4,198,175,334,0,0,0,0,0,0,0,0,0,0,0,0,0.138833,0.0397211,3.49519
3000,PL,1984,7,403,38,22,556,35,91,12,268,211,348,0,0,0,0,0,0,0,0,0,0,0,0,0.137396,0.0403128,3.40824
3010,PL,1779,6,365,26,24,546,38,80,4,206,154,336,0,0,0,0,0,0,0,0,0,0,0,0,0.13529,0.0418546,3.23238
3020,PL,1951,6,417,36,21,565,53,96,6,247,182,328,0,0,0,0,0,0,0,0,0,0,0,0,0.135663,0.0441089,3.07563
3030,PL,1898,10,367,33,20,538,57,88,5,247,176,367,0,0,0,0,0,0,0,0,0,0,0,0,0.134898,0.0481215,2.80327
3040,PL,1853,6,359,34,24,507,54,84,7,254,183,347,62,4,9,2,0,10,0,0,0,3,2,36,0.134506,0.0546723,2.46022
3050,PL,1813,7,354,32,27,547,56,93,6,212,187,299,0,0,0,0,0,0,0,0,0,0,0,0,0.136369,0.037863,3.60163
3060,PL,1801,7,325,30,24,521,37,95,5,217,179,368,0,0,0,0,0,0,0,0,0,0,0,0,0.136246,0.0434427,3.13623
3070,PL,1625,7,327,34,23,440,43,70,6,215,154,313,392,7,66,3,5,97,4,15,0,41,31,130,0.136002,0.0710541,1.91407
3080,PL,1930,9,391,41,24,500,40,88,10,232,194,410,88,6,4,2,2,20,0,3,1,5,6,45,0.138927,0.0619287,2.24333
3090,PL,1709,9,328,29,19,513,36,86,9,227,170,292,5,3,1,0,1,1,0,0,0,0,0,2,0.136626,0.0530858,2.57368
3100,PL,1673,9,333,22,24,500,45,64,5,191,141,348,231,9,34,1,2,52,1,8,0,18,24,91,0.135023,0.0720375,1.87434
3110,PL,1624,6,346,24,31,435,32,70,6,200,169,311,0,0,0,0,0,0,0,0,0,0,0,0,0.133246,0.0380662,3.50037
3120,PL,1853,6,362,42,25,509,61,93,10,232,173,346,26,3,6,1,1,3,0,0,1,2,0,12,0.133587,0.0514225,2.59783
3130,PL,1558,7,304,28,17,455,31,52,4,202,167,298,0,0,0,0,0,0,0,0,0,0,0,0,0.134042,0.0427873,3.13275
3140,PL,1833,6,328,28,31,532,46,71,9,207,179,402,0,0,0,0,0,0,0,0,0,0,0,0,0.133929,0.0447006,2.99613
3150,PL,1751,7,347,31,29,480,38,67,6,241,181,331,0,0,0,0,0,0,0,0,0,0,0,0,0.134733,0.0462375,2.91394
3160,PL,1731,7,364,20,27,461,54,66,3,218,169,349,0,0,0,0,0,0,0,0,0,0,0,0,0.134036,0.0414512,3.23358
3170,PL,1667,8,353,33,16,458,42,71,6,196,160,332,398,5,58,7,8,94,11,21,3,40,25,131,0.134107,0.0728486,1.8409
3180,PL,1753,6,378,26,17,506,38,81,10,219,181,297,0,0,0,0,0,0,0,0,0,0,0,0,0.134011,0.0383644,3.4931
3190,PL,2087,9,419,40,24,552,52,81,7,274,224,414,1,3,0,0,0,1,0,0,0,0,0,0,0.133997,0.0516605,2.59381
3200,PL,1897,8,346,29,28,483,43,99,5,251,192,421,0,0,0,0,0,0,0,0,0,0,0,0,0.134812,0.0432226,3.11902
3210,PL,1903,7,381,41,27,539,50,85,9,213,177,381,0,0,0,0,0,0,0,0,0,0,0,0,0.134771,0.0432289,3.11762
3220,PL,2056,8,391,34,23,588,50,99,6,249,197,419,0,0,0,0,0,0,0,0,0,0,0,0,0.136555,0.0455664,2.99685
3230,PL,1742,11,329,27,17,482,43,75,6,234,163,366,0,0,0,0,0,0,0,0,0,0,0,0,0.136513,0.0493909,2.76394
3240,PL,1822,7,352,30,19,485,46,104,10,241,168,367,0,0,0,0,0,0,0,0,0,0,0,0,0.135247,0.0394511,3.42822
3250,PL,1879,6,363,29,17,540,38,71,10,245,173,393,0,0,0,0,0,0,0,0,0,0,0,0,0.135179,0.0386859,3.49426
3260,PL,1835,9,357,30,16,503,44,96,7,247,189,346,0,0,0,0,0,0,0,0,0,0,0,0,0.137554,0.0457865,3.00424
3270,PL,1999,6,387,29,24,572,44,94,5,273,200,371,0,0,0,0,0,0,0,0,0,0,0,0,0.135518,0.0422959,3.20404
3280,PL,1727,7,348,26,19,469,45,80,6,246,187,301,0,0,0,0,0,0,0,0,0,0,0,0,0.137007,0.0424425,3.22806
3290,PL,2043,8,429,26,25,541,68,91,5,273,208,377,0,0,0,0,0,0,0,0,0,0,0,0,0.135936,0.040364,3.36776
3300,PL,1651,9,322,32,25,466,46,79,8,204,140,329,10,3,4,0,0,2,0,1,0,1,0,2,0.13267,0.0534371,2.48273
3310,PL,1867,7,382,35,17,552,32,71,8,241,177,352,61,4,8,1,4,11,1,2,0,5,2,27,0.133266,0.0527396,2.52687
3320,PL,1772,6,377,40,23,503,45,92,4,232,157,299,0,0,0,0,0,0,0,0,0,0,0,0,0.138019,0.0388549,3.55217
3330,PL,1918,9,388,30,17,550,57,99,4,235,154,384,0,0,0,0,0,0,0,0,0,0,0,0,0.133703,0.0457526,2.92231
3340,PL,2050,7,366,30,24,546,43,101,11,297,222,410,0,0,0,0,0,0,0,0,0,0,0,0,0.140694,0.0433072,3.24874
3350,PL,1725,7,307,22,22,472,48,84,4,223,182,361,0,0,0,0,0,0,0,0,0,0,0,0,0.135639,0.0411926,3.2928
3360,PL,1834,7,322,41,19,537,39,96,8,250,165,357,35,4,2,0,0,2,0,0,0,0,1,30,0.134319,0.0583845,2.30059
3370,PL,2023,7,391,33,25,566,66,90,8,278,203,363,0,0,0,0,0,0,0,0,0,0,0,0,0.140604,0.0479052,2.93504
3380,PL,1719,7,327,26,16,505,46,75,7,225,159,333,0,0,0,0,0,0,0,0,0,0,0,0,0.137919,0.045887,3.00563
3390,PL,1939,6,362,38,19,576,51,95,5,266,194,333,0,0,0,0,0,0,0,0,0,0,0,0,0.134723,0.0423204,3.18341
3400,PL,1630,7,319,30,18,438,40,61,6,229,136,353,0,0,0,0,0,0,0,0,0,0,0,0,0.137313,0.0390077,3.52015
3410,PL,1827,7,379,41,13,532,36,80,6,230,168,342,0,0,0,0,0,0,0,0,0,0,0,0,0.138647,0.0479412,2.89201
3420,PL,1990,6,397,39,23,588,44,102,16,229,212,340,0,0,0,0,0,0,0,0,0,0,0,0,0.13928,0.0434754,3.20366
3430,PL,1910,6,363,29,21,516,46,98,3,255,177,402,0,0,0,0,0,0,0,0,0,0,0,0,0.138965,0.0412013,3.37284
3440,PL,2018,7,391,20,29,554,64,88,9,275,199,389,28,4,5,0,0,4,0,0,0,4,0,15,0.141109,0.0550663,2.56252
3450,PL,1724,8,338,43,24,488,44,73,5,219,164,326,17,3,2,1,3,4,0,3,0,0,2,2,0.139009,0.054705,2.54106
3460,PL,1959,6,379,43,24,544,43,59,6,298,177,386,4,3,0,0,0,0,0,1,0,2,1,0,0.138112,0.0532725,2.59256
3470,PL,1797,7,372,28,23,518,45,67,6,215,155,368,0,0,0,0,0,0,0,0,0,0,0,0,0.138371,0.0451586,3.0641
3480,PL,1873,7,344,39,26,558,54,88,10,241,191,322,0,0,0,0,0,0,0,0,0,0,0,0,0.136492,0.0412862,3.30599
3490,PL,1731,6,315,25,27,481,59,86,6,207,177,348,256,6,36,7,2,64,3,18,1,30,20,75,0.133483,0.0598445,2.23049
3500,PL,1841,9,390,28,29,530,44,69,5,229,186,331,336,8,45,9,6,77,5,16,1,39,28,110,0.134939,0.0712679,1.89341
3510,PL,1682,9,294,34,35,474,44,73,9,213,153,353,0,0,0,0,0,0,0,0,0,0,0,0,0.134759,0.0448652,3.00364
3520,PL,1779,6,333,22,26,504,37,73,8,235,177,364,0,0,0,0,0,0,0,0,0,0,0,0,0.134628,0.0443719,3.03409
3530,PL,2073,7,411,41,27,572,62,85,7,310,195,363,8,3,1,0,0,3,0,0,0,0,0,4,0.137475,0.052154,2.63595
3540,PL,1775,8,338,30,14,496,58,80,9,220,155,375,0,0,0,0,0,0,0,0,0,0,0,0,0.134312,0.0422557,3.17854
3550,PL,1903,7,370,46,35,533,51,71,7,238,214,338,13,3,1,1,1,4,1,0,0,1,1,3,0.134552,0.056167,2.39557
3560,PL,1736,8,320,17,18,504,46,75,6,218,160,372,125,6,16,2,2,22,0,1,0,7,7,68,0.133699,0.0617919,2.16369
3570,PL,1677,6,340,24,27,487,54,68,2,184,150,341,0,0,0,0,0,0,0,0,0,0,0,0,0.1381,0.0437976,3.15315
3580,PL,1783,8,394,32,22,497,51,82,8,224,176,297,32,4,3,1,1,9,1,2,0,1,0,14,0.134996,0.0567481,2.37887
3590,PL,1733,6,361,33,16,466,52,83,2,231,190,299,0,0,0,0,0,0,0,0,0,0,0,0,0.134186,0.0404009,3.32137
3600,PL,1739,10,331,25,22,524,37,70,11,236,178,305,0,0,0,0,0,0,0,0,0,0,0,0,0.134462,0.043814,3.06894
3610,PL,1877,7,357,40,22,506,49,84,6,234,160,419,86,6,8,1,1,18,0,2,0,9,4,43,0.134298,0.0643736,2.08623
3620,PL,1923,7,327,32,20,538,64,79,10,234,174,445,0,0,0,0,0,0,0,0,0,0,0,0,0.132357,0.0431966,3.06406
3630,PL,1829,8,344,52,23,499,41,82,9,233,180,366,0,0,0,0,0,0,0,0,0,0,0,0,0.134626,0.0440516,3.05611
3640,PL,2081,8,429,37,21,602,55,109,7,270,230,321,0,0,0,0,0,0,0,0,0,0,0,0,0.137342,0.0463441,2.96354
3650,PL,1824,7,360,30,20,530,51,85,8,236,189,315,0,0,0,0,0,0,0,0,0,0,0,0,0.136908,0.0386937,3.53826
3660,PL,2054,7,403,29,23,541,51,85,8,262,230,422,0,0,0,0,0,0,0,0,0,0,0,0,0.132139,0.0444209,2.9747
3670,PL,2005,6,376,37,24,580,61,96,8,256,213,354,0,0,0,0,0,0,0,0,0,0,0,0,0.134883,0.0398144,3.38779
3680,PL,1802,7,345,33,28,542,40,77,9,251,190,287,0,0,0,0,0,0,0,0,0,0,0,0,0.134471,0.0416935,3.22523
3690,PL,1944,8,296,42,26,575,51,93,8,263,185,405,6,3,1,0,0,0,0,0,0,0,0,5,0.133131,0.0528243,2.52027
3700,PL,2016,7,396,46,23,586,68,91,7,269,239,291,0,0,0,0,0,0,0,0,0,0,0,0,0.134801,0.0380436,3.54333
3710,PL,1988,6,422,49,23,575,48,99,11,230,219,312,0,0,0,0,0,0,0,0,0,0,0,0,0.135142,0.0400793,3.37186
3720,PL,1752,7,359,29,22,496,48,70,6,245,144,333,0,0,0,0,0,0,0,0,0,0,0,0,0.134212,0.0415378,3.23109
3730,PL,1574,6,354,28,22,426,36,74,7,221,161,245,49,4,5,3,0,4,0,3,0,0,0,34,0.133626,0.047617,2.80627
3740,PL,1731,6,381,21,24,464,48,68,9,235,176,305,51,6,8,1,0,7,0,2,0,3,3,27,0.134437,0.0515905,2.60585
3750,PL,1883,7,358,32,25,572,40,85,9,223,198,341,0,0,0,0,0,0,0,0,0,0,0,0,0.133137,0.0419625,3.17276
3760,PL,1715,9,326,26,27,470,35,85,6,219,163,358,0,0,0,0,0,0,0,0,0,0,0,0,0.133244,0.043164,3.08692
3770,PL,1822,7,363,40,14,492,53,80,7,228,184,361,77,6,10,0,1,19,0,4,0,3,4,36,0.134817,0.0595798,2.2628
3780,PL,1900,6,402,30,18,521,59,70,11,244,199,346,7,3,0,0,1,0,0,0,0,0,0,6,0.140537,0.051807,2.7127
3790,PL,1958,7,351,39,23,564,52,101,9,261,179,379,0,0,0,0,0,0,0,0,0,0,0,0,0.132155,0.0387131,3.41369
3800,PL,1846,6,399,39,21,519,44,80,2,248,187,307,0,0,0,0,0,0,0,0,0,0,0,0,0.136663,0.0355055,3.84906
3810,PL,2014,8,398,42,21,592,41,83,12,272,187,366,0,0,0,0,0,0,0,0,0,0,0,0,0.13573,0.0455632,2.97893
3820,PL,1861,6,350,47,32,532,49,89,7,237,212,306,0,0,0,0,0,0,0,0,0,0,0,0,0.13625,0.0422732,3.22309
3830,PL,1921,7,366,40,20,531,42,91,4,255,191,381,0,0,0,0,0,0,0,0,0,0,0,0,0.135567,0.0384015,3.53024
3840,PL,1947,9,377,40,36,552,36,77,13,225,205,386,24,4,6,1,0,5,0,2,0,0,4,6,0.13595,0.060275,2.25549
3850,PL,1902,6,385,34,15,534,58,86,11,263,175,341,0,0,0,0,0,0,0,0,0,0,0,0,0.136958,0.0405362,3.37865
3860,PL,1602,8,321,34,23,454,44,68,8,209,144,297,0,0,0,0,0,0,0,0,0,0,0,0,0.135157,0.0473896,2.85203
3870,PL,1840,7,329,35,20,518,51,77,9,209,182,410,47,4,5,1,0,13,0,1,0,2,1,24,0.135555,0.0535562,2.53108
3880,PL,1885,6,377,26,20,515,44,87,11,256,197,352,6,3,2,2,0,1,0,0,0,1,0,0,0.133806,0.0489273,2.73479
3890,PL,1819,6,384,33,18,501,56,73,5,244,169,336,0,0,0,0,0,0,0,0,0,0,0,0,0.137722,0.0408987,3.3674
3900,PL,1705,7,327,36,26,483,42,67,6,224,163,331,0,0,0,0,0,0,0,0,0,0,0,0,0.134397,0.0393531,3.41517
3910,PL,1898,6,356,33,26,553,32,86,6,238,182,386,0,0,0,0,0,0,0,0,0,0,0,0,0.133663,0.0415706,3.21532
3920,PL,1928,6,346,41,33,522,49,107,11,251,197,371,26,4,9,0,0,4,0,3,1,3,0,6,0.132942,0.0534439,2.48751
3930,PL,1742,7,351,28,24,499,54,83,5,208,179,311,6,3,2,0,0,2,0,0,0,0,1,1,0.137274,0.0516816,2.65614
3940,PL,1539,6,337,22,18,403,48,54,8,221,174,254,240,10,28,4,5,50,1,10,0,16,11,115,0.132769,0.0616738,2.15275
3950,PL,1835,8,334,37,16,550,47,81,6,224,202,338,0,0,0,0,0,0,0,0,0,0,0,0,0.138976,0.0439999,3.15856
3960,PL,1655,8,348,27,15,478,40,95,6,203,157,286,23,3,2,0,0,8,0,0,0,1,1,11,0.134907,0.0545452,2.47331
3970,PL,0,3,0,0,0,0,0,0,0,0,0,0,0,0,0,0,0,0,0,0,0,0,0,0,0.12478,0.0122811,10.1603
3980,PL,1875,7,380,22,21,549,49,81,11,245,179,338,90,5,8,0,1,15,0,2,0,8,3,53,0.136442,0.060913,2.23996
3990,PL,1855,7,360,27,24,537,49,83,7,214,201,353,18,4,4,0,0,4,0,2,0,1,0,7,0.137993,0.0512674,2.69164
4000,PL,1946,6,356,38,20,564,55,84,7,272,183,367,0,0,0,0,0,0,0,0,0,0,0,0,0.138109,0.0401128,3.44301
4010,PL,1816,8,374,38,20,523,46,89,6,249,173,298,32,3,6,1,0,8,0,3,0,0,1,13,0.139826,0.0518851,2.69492
4020,PL,1808,10,373,31,23,507,47,73,2,250,175,327,0,0,0,0,0,0,0,0,0,0,0,0,0.138627,0.04694,2.95329
4030,PL,1459,7,262,32,17,427,40,65,5,196,142,273,0,0,0,0,0,0,0,0,0,0,0,0,0.140554,0.0502883,2.79497
4040,PL,1841,7,391,37,15,493,61,85,10,241,209,299,0,0,0,0,0,0,0,0,0,0,0,0,0.138707,0.041076,3.37683
4050,PL,1734,6,343,30,23,493,45,70,8,262,169,291,0,0,0,0,0,0,0,0,0,0,0,0,0.138968,0.0401555,3.46074
4060,PL,1695,9,354,29,27,455,38,83,6,228,155,320,494,7,62,12,5,101,3,20,1,57,33,200,0.13675,0.0769932,1.77612
4070,PL,1486,8,299,21,13,388,46,75,8,162,139,335,226,9,34,6,3,43,3,17,0,12,12,96,0.134562,0.0709013,1.89787
4080,PL,1757,8,364,35,24,506,36,77,8,209,201,297,0,0,0,0,0,0,0,0,0,0,0,0,0.136614,0.0437156,3.12505
4090,PL,1661,8,332,30,14,453,33,86,8,204,167,334,0,0,0,0,0,0,0,0,0,0,0,0,0.132649,0.0434934,3.04986
4100,PL,1656,8,315,34,27,496,50,68,10,211,139,306,0,0,0,0,0,0,0,0,0,0,0,0,0.134902,0.0411975,3.27452
4110,PL,1679,8,341,35,20,480,43,62,8,240,163,287,96,5,8,0,0,24,0,3,0,6,6,49,0.134466,0.0553154,2.4309
4120,PL,1546,8,314,27,16,430,45,81,9,186,130,308,299,7,33,3,3,67,2,11,0,17,13,150,0.135388,0.0682893,1.98257
4130,PL,1930,7,353,38,18,538,44,78,12,270,199,380,0,0,0,0,0,0,0,0,0,0,0,0,0.13399,0.0414473,3.23277
4140,PL,1681,8,343,37,22,462,38,69,7,234,160,309,0,0,0,0,0,0,0,0,0,0,0,0,0.13724,0.0430354,3.189
4150,PL,1670,7,362,32,14,444,42,74,6,247,169,280,38,3,5,0,1,3,0,3,0,3,2,21,0.134846,0.0491202,2.74523
4160,PL,1957,7,391,30,24,532,54,83,7,255,197,384,137,7,12,1,2,21,0,4,0,7,2,88,0.13556,0.0614299,2.20673
4170,PL,1895,5,380,27,18,563,58,88,5,261,173,322,0,0,0,0,0,0,0,0,0,0,0,0,0.138244,0.0375505,3.68156
4180,PL,1628,11,330,32,17,436,40,67,7,203,165,331,0,0,0,0,0,0,0,0,0,0,0,0,0.135089,0.0483138,2.79608
4190,PL,1724,7,347,30,22,487,37,89,3,196,190,323,0,0,0,0,0,0,0,0,0,0,0,0,0.135099,0.0385584,3.50375
4200,PL,1763,6,334,33,23,484,51,77,8,228,178,347,0,0,0,0,0,0,0,0,0,0,0,0,0.13332,0.0398944,3.34182
4210,PL,1754,10,339,24,23,507,38,87,5,214,168,349,0,0,0,0,0,0,0,0,0,0,0,0,0.134562,0.0458825,2.93275
4220,PL,2022,10,377,41,22,577,39,82,7,307,201,369,0,0,0,0,0,0,0,0,0,0,0,0,0.135161,0.0467634,2.89032
4230,PL,1523,6,323,30,21,447,29,65,4,184,148,272,43,5,2,1,1,6,0,1,0,2,1,29,0.136533,0.0575111,2.37404
4240,PL,1831,8,390,44,29,506,58,87,6,255,170,286,80,4,16,3,1,17,1,4,1,14,9,14,0.134114,0.0550643,2.43559
4250,PL,2018,7,433,40,20,511,65,97,13,295,218,326,135,5,20,3,3,17,0,3,1,17,9,62,0.134455,0.0571142,2.35415
4260,PL,1827,7,367,36,19,511,48,70,6,229,169,372,8,3,1,0,1,5,0,0,1,0,0,0,0.135072,0.0500106,2.70087
4270,PL,1869,5,370,38,22,537,44,86,12,245,177,338,0,0,0,0,0,0,0,0,0,0,0,0,0.134059,0.0393575,3.40618
4280,PL,1840,7,350,31,31,546,40,82,7,270,194,289,0,0,0,0,0,0,0,0,0,0,0,0,0.135025,0.0404711,3.33634
4290,PL,1734,9,326,40,22,512,37,65,5,233,178,316,0,0,0,0,0,0,0,0,0,0,0,0,0.135974,0.0437713,3.10647
4300,PL,1799,8,316,31,24,487,48,72,10,245,174,392,0,0,0,0,0,0,0,0,0,0,0,0,0.139787,0.0420715,3.3226
4310,PL,1730,8,353,42,26,477,45,82,5,207,164,329,0,0,0,0,0,0,0,0,0,0,0,0,0.133217,0.0428839,3.10644
4320,PL,1871,7,404,27,24,562,45,95,10,214,182,308,0,0,0,0,0,0,0,0,0,0,0,0,0.141887,0.0435589,3.25736
4330,PL,1800,8,348,30,23,514,58,87,9,209,194,328,43,4,9,1,0,7,0,0,0,4,2,20,0.13465,0.0571842,2.35468
4340,PL,1776,7,327,31,22,475,57,83,6,227,189,359,16,4,0,0,0,2,0,1,0,3,0,10,0.13322,0.0533848,2.49548
4350,PL,1736,7,358,36,21,473,32,76,8,235,157,340,12,4,0,0,0,1,0,1,0,0,1,9,0.132469,0.0517142,2.56155
4360,PL,1763,6,322,43,14,504,54,94,9,214,162,347,0,0,0,0,0,0,0,0,0,0,0,0,0.137612,0.0426445,3.22695
4370,PL,1736,7,316,25,19,467,44,93,8,204,169,391,0,0,0,0,0,0,0,0,0,0,0,0,0.137163,0.0448822,3.05607
4380,PL,1988,8,408,30,23,563,40,79,7,281,199,358,0,0,0,0,0,0,0,0,0,0,0,0,0.140581,0.0453597,3.09925
4390,PL,1414,6,284,24,16,388,30,68,1,202,136,265,768,10,80,11,8,169,8,29,1,60,61,341,0.138496,0.0789622,1.75395
4400,PL,1865,7,333,34,27,557,46,86,10,257,175,340,0,0,0,0,0,0,0,0,0,0,0,0,0.136742,0.038872,3.51776
4410,PL,1869,7,399,33,22,486,49,84,8,217,173,398,0,0,0,0,0,0,0,0,0,0,0,0,0.139888,0.0465783,3.00329
4420,PL,1828,7,365,26,18,537,48,76,6,234,168,350,5,3,0,0,1,0,0,0,0,1,0,3,0.139777,0.0517083,2.70318
4430,PL,1868,6,371,22,18,482,47,87,11,238,192,400,139,5,17,1,2,24,2,6,1,11,6,69,0.135641,0.0604727,2.24302
4440,PL,1727,8,295,29,30,489,48,63,5,212,170,386,123,5,27,0,1,24,0,5,1,10,7,48,0.133449,0.0642689,2.07642
4450,PL,1892,6,372,44,21,509,57,82,9,249,192,357,0,0,0,0,0,0,0,0,0,0,0,0,0.133655,0.0380999,3.50802
4460,PL,2070,7,442,32,31,576,58,95,4,303,207,322,6,4,0,0,0,2,0,0,0,0,0,4,0.134912,0.0504189,2.67581
4470,PL,1907,8,372,36,19,531,46,88,4,242,186,383,26,5,4,0,0,4,0,0,0,2,4,12,0.13401,0.057864,2.31595
4480,PL,2081,7,405,39,27,617,47,96,5,249,179,417,2,3,1,0,0,0,0,0,0,1,0,0,0.134517,0.0494008,2.72297
4490,PL,1991,7,385,34,29,568,51,85,12,265,207,355,0,0,0,0,0,0,0,0,0,0,0,0,0.137588,0.0409802,3.35742
4500,PL,1996,7,394,32,25,592,52,75,4,265,173,384,7,4,0,0,0,0,0,2,0,1,0,4,0.138089,0.051579,2.67724
4510,PL,2096,8,433,29,23,581,45,97,11,298,189,390,2,3,1,0,0,1,0,0,0,0,0,0,0.136376,0.0514947,2.64835
4520,PL,1860,8,424,21,17,590,47,66,16,256,179,244,0,0,0,0,0,0,0,0,0,0,0,0,0.138506,0.0406095,3.41067
4530,PL,1694,8,356,29,24,488,53,95,4,217,142,286,0,0,0,0,0,0,0,0,0,0,0,0,0.13617,0.0420773,3.2362
4540,PL,1815,9,388,32,24,531,46,84,8,246,161,295,10,4,2,1,0,2,0,0,0,0,0,5,0.135223,0.0538436,2.5114
4550,PL,1760,8,354,23,25,544,36,84,10,188,171,325,251,7,33,1,5,59,1,8,0,12,15,117,0.13416,0.0682396,1.96601
4560,PL,2175,7,419,53,23,583,70,112,8,324,247,336,2,3,0,0,0,1,0,0,0,0,1,0,0.135537,0.0493139,2.74845
4570,PL,1922,8,370,29,18,612,38,85,9,223,199,339,0,0,0,0,0,0,0,0,0,0,0,0,0.133518,0.0434117,3.07563
4580,PL,1875,6,365,40,31,510,51,99,8,231,170,370,0,0,0,0,0,0,0,0,0,0,0,0,0.135392,0.0417651,3.24175
4590,PL,1819,8,344,29,23,506,46,83,8,257,179,344,0,0,0,0,0,0,0,0,0,0,0,0,0.135049,0.0463014,2.91673
4600,PL,0,3,0,0,0,0,0,0,0,0,0,0,4,3,0,0,0,3,0,0,0,1,0,0,0.122882,0.0218267,5.62991
4610,PL,1702,7,355,30,19,485,51,82,6,227,152,295,0,0,0,0,0,0,0,0,0,0,0,0,0.135375,0.0454191,2.98058
4620,PL,1834,8,349,30,19,498,51,82,8,229,198,370,38,5,4,0,1,7,0,0,1,0,1,24,0.139206,0.0565758,2.46052
4630,PL,1703,11,289,32,29,476,33,87,8,240,151,358,0,0,0,0,0,0,0,0,0,0,0,0,0.137311,0.0486543,2.82218
4640,PL,269,5,49,9,2,76,7,12,1,28,24,61,70,6,11,1,1,7,0,4,0,1,1,44,0.123389,0.0362963,3.39948
4650,PL,1794,9,338,37,29,485,47,78,8,230,162,380,0,0,0,0,0,0,0,0,0,0,0,0,0.133708,0.0475609,2.81129
4660,PL,1762,5,387,27,19,525,50,63,6,224,184,277,0,0,0,0,0,0,0,0,0,0,0,0,0.133911,0.0377642,3.54597
4670,PL,1927,7,366,27,16,517,58,94,8,244,184,413,0,0,0,0,0,0,0,0,0,0,0,0,0.134129,0.04027,3.33074
4680,PL,1730,6,356,33,28,508,43,55,5,222,155,325,46,4,6,0,2,9,0,2,1,2,0,24,0.135793,0.0542787,2.50178
4690,PL,2021,6,402,30,21,560,51,96,3,264,190,404,27,3,2,0,0,6,0,1,0,3,1,14,0.135723,0.0525425,2.58311
4700,PL,1819,8,366,28,14,536,41,74,5,254,165,336,18,3,4,1,0,5,0,3,0,0,0,5,0.134947,0.0498797,2.70545
4710,PL,1695,9,302,25,19,482,41,75,6,225,174,346,171,5,22,3,1,33,0,7,0,18,5,82,0.132745,0.0670825,1.97882
4720,PL,1625,8,338,29,16,427,32,72,4,200,154,353,44,4,3,1,3,10,0,2,0,3,1,21,0.132631,0.0594191,2.23213
4730,PL,1908,7,369,35,31,515,39,91,8,243,157,420,11,3,2,1,0,3,0,2,0,0,0,3,0.139119,0.0536524,2.59296
4740,PL,1801,7,343,32,27,517,44,83,2,214,175,364,12,3,4,3,0,0,0,3,0,0,0,2,0.133341,0.0534787,2.49335
4750,PL,1953,6,362,41,20,559,64,83,12,231,207,374,0,0,0,0,0,0,0,0,0,0,0,0,0.134639,0.0384577,3.50096
4760,PL,2047,7,429,36,34,557,48,117,8,273,205,340,0,0,0,0,0,0,0,0,0,0,0,0,0.135412,0.0416753,3.2492
4770,PL,1913,8,375,34,25,532,46,90,6,228,189,388,0,0,0,0,0,0,0,0,0,0,0,0,0.135571,0.0446131,3.03882
4780,PL,1941,7,376,39,25,553,41,77,6,259,206,359,0,0,0,0,0,0,0,0,0,0,0,0,0.133657,0.0427082,3.12955
4790,PL,1874,7,350,32,19,529,55,73,7,286,171,352,137,6,17,4,0,38,0,11,1,14,13,39,0.134969,0.0594989,2.26843
4800,PL,1812,7,355,30,18,531,48,77,3,248,187,315,0,0,0,0,0,0,0,0,0,0,0,0,0.136158,0.0411881,3.30575
4810,PL,1665,6,317,28,21,488,45,73,5,188,145,355,0,0,0,0,0,0,0,0,0,0,0,0,0.133661,0.0422814,3.16123
4820,PL,1857,6,338,47,22,541,48,87,7,241,182,344,16,5,0,1,0,5,0,1,0,2,0,7,0.138793,0.0542292,2.55937
4830,PL,2088,7,436,39,24,616,72,91,8,280,219,303,7,3,1,0,0,2,0,1,0,0,1,2,0.140778,0.0528254,2.66496
4840,PL,1653,8,302,27,15,448,37,71,6,225,155,367,34,4,4,0,1,8,0,1,0,0,2,18,0.13676,0.0554799,2.46504
4850,PL,2001,7,391,41,23,574,55,81,6,262,198,370,92,5,18,6,3,19,1,3,1,5,1,35,0.133206,0.0577632,2.30607
4860,PL,1981,6,397,40,13,569,56,87,5,270,186,358,0,0,0,0,0,0,0,0,0,0,0,0,0.135519,0.040913,3.31236
4870,PL,1860,6,356,36,23,532,47,86,8,274,209,289,0,0,0,0,0,0,0,0,0,0,0,0,0.13466,0.0389908,3.45363
4880,PL,1925,7,365,34,28,503,67,86,6,250,204,382,0,0,0,0,0,0,0,0,0,0,0,0,0.133674,0.0426236,3.13615
4890,PL,1906,7,377,20,31,572,50,72,9,279,198,298,0,0,0,0,0,0,0,0,0,0,0,0,0.133562,0.0380265,3.51234
4900,PL,1866,7,378,38,21,497,65,86,6,254,162,359,85,6,7,1,0,12,0,2,1,1,1,60,0.133767,0.0584006,2.2905
4910,PL,0,3,0,0,0,0,0,0,0,0,0,0,0,0,0,0,0,0,0,0,0,0,0,0,0.123858,0.0124812,9.92352
4920,PL,1754,7,319,32,21,516,43,71,3,223,158,368,0,0,0,0,0,0,0,0,0,0,0,0,0.132682,0.0408571,3.24746
4930,PL,1647,6,357,35,22,456,49,75,5,196,165,287,6,3,2,0,0,1,0,0,0,2,0,1,0.139432,0.0464021,3.00486
4940,PL,1842,9,383,42,29,486,62,92,14,240,168,326,0,0,0,0,0,0,0,0,0,0,0,0,0.136051,0.0450677,3.01881
4950,PL,1872,6,329,43,19,557,63,85,5,246,182,343,0,0,0,0,0,0,0,0,0,0,0,0,0.139505,0.0390759,3.57011
4960,PL,1957,7,390,38,28,536,36,99,3,241,192,394,3,3,1,0,0,1,0,0,1,0,0,0,0.140149,0.0570156,2.45809
4970,PL,1631,8,296,32,23,464,38,99,8,208,166,297,0,0,0,0,0,0,0,0,0,0,0,0,0.138925,0.0448723,3.096
4980,PL,1949,6,356,43,15,534,51,95,6,296,197,356,0,0,0,0,0,0,0,0,0,0,0,0,0.134947,0.0410424,3.28799
4990,PL,1830,6,362,33,21,518,52,81,6,252,172,333,0,0,0,0,0,0,0,0,0,0,0,0,0.136313,0.0405445,3.36206
5000,PL,1775,7,332,29,15,505,44,77,10,230,138,395,198,10,19,3,2,30,0,3,1,14,8,118,0.137329,0.0744851,1.84371
5010,PL,1625,9,344,32,24,480,28,69,5,198,152,293,139,6,17,5,1,34,3,6,2,8,16,47,0.137332,0.0606534,2.26421
5020,PL,1844,7,340,33,20,532,48,81,7,224,154,405,0,0,0,0,0,0,0,0,0,0,0,0,0.140153,0.0454451,3.08402
5030,PL,1807,7,373,26,22,490,49,79,6,252,179,331,30,5,3,0,0,9,0,1,1,0,0,16,0.138018,0.0538968,2.56078
5040,PL,1704,11,359,30,15,492,30,95,6,191,152,334,0,0,0,0,0,0,0,0,0,0,0,0,0.134145,0.0471132,2.84729
5050,PL,2088,8,388,36,19,624,65,91,8,268,201,388,0,0,0,0,0,0,0,0,0,0,0,0,0.137499,0.046512,2.9562
5060,PL,1930,8,398,31,20,559,52,72,5,266,200,327,0,0,0,0,0,0,0,0,0,0,0,0,0.137454,0.0436076,3.15206
5070,PL,1992,6,449,33,26,566,57,91,7,298,188,277,0,0,0,0,0,0,0,0,0,0,0,0,0.135282,0.0370583,3.65051
5080,PL,1839,7,358,37,24,534,51,90,3,247,171,324,0,0,0,0,0,0,0,0,0,0,0,0,0.134671,0.0386968,3.48014
5090,PL,1725,7,313,36,15,463,51,85,7,216,166,373,0,0,0,0,0,0,0,0,0,0,0,0,0.131655,0.0476205,2.76467
5100,PL,2069,7,385,49,26,601,63,79,9,281,229,347,0,0,0,0,0,0,0,0,0,0,0,0,0.136627,0.0389469,3.50804
5110,PL,16,3,6,1,0,5,1,0,0,0,0,3,41,3,9,0,1,6,1,2,1,2,3,16,0.123088,0.0228657,5.38311
5120,PL,1760,7,355,38,22,521,42,56,7,220,152,347,318,9,36,7,4,74,3,8,0,28,25,133,0.13637,0.0699826,1.94862
5130,PL,1819,6,305,43,18,523,65,87,10,248,159,361,0,0,0,0,0,0,0,0,0,0,0,0,0.137406,0.0406367,3.38133
5140,PL,1771,13,354,27,24,494,60,82,6,238,152,334,135,7,16,3,2,24,0,4,0,8,6,72,0.13501,0.068494,1.97113
5150,PL,1681,10,278,29,25,474,28,90,8,225,153,371,47,4,3,2,1,7,1,1,0,3,0,29,0.133671,0.0607728,2.19951
5160,PL,1944,6,372,50,30,529,45,99,5,257,214,343,0,0,0,0,0,0,0,0,0,0,0,0,0.137258,0.043799,3.13382
5170,PL,1974,7,376,35,38,561,53,99,7,258,194,353,0,0,0,0,0,0,0,0,0,0,0,0,0.137463,0.0454461,3.02475
5180,PL,1821,8,358,27,24,502,48,76,7,259,171,349,0,0,0,0,0,0,0,0,0,0,0,0,0.136588,0.0461599,2.95902
5190,PL,2170,6,414,51,33,613,74,103,11,300,208,363,39,5,5,0,2,9,0,0,0,3,1,19,0.136121,0.0525528,2.59018
5200,PL,1807,7,356,29,20,503,46,78,12,232,184,347,0,0,0,0,0,0,0,0,0,0,0,0,0.135909,0.0378993,3.58605
5210,PL,1936,6,365,39,24,546,43,80,9,279,173,378,0,0,0,0,0,0,0,0,0,0,0,0,0.133951,0.0405562,3.30286
5220,PL,1760,9,336,45,26,477,54,73,4,221,145,379,0,0,0,0,0,0,0,0,0,0,0,0,0.132822,0.0476849,2.78542
5230,PL,1633,6,318,27,20,455,30,70,8,203,157,345,91,6,10,0,0,20,0,3,0,4,4,50,0.132342,0.0588,2.25072
5240,PL,1906,6,382,50,17,547,64,70,10,228,177,361,0,0,0,0,0,0,0,0,0,0,0,0,0.132696,0.0400821,3.31061
5250,PL,1808,6,318,34,31,537,49,87,12,222,189,329,0,0,0,0,0,0,0,0,0,0,0,0,0.139435,0.0411218,3.39078
5260,PL,1995,7,375,30,26,568,34,92,5,265,216,384,0,0,0,0,0,0,0,0,0,0,0,0,0.140502,0.0483413,2.90646
5270,PL,1844,8,355,29,27,534,47,65,6,272,183,326,80,7,5,1,2,12,0,2,2,6,0,50,0.134096,0.054062,2.48041
5280,PL,1935,9,386,25,17,570,59,89,8,286,191,304,0,0,0,0,0,0,0,0,0,0,0,0,0.134524,0.0436475,3.08206
5290,PL,1900,7,360,21,25,541,48,77,9,236,201,382,0,0,0,0,0,0,0,0,0,0,0,0,0.135348,0.0452672,2.98997
5300,PL,1920,12,392,22,28,530,37,90,9,247,168,397,22,3,0,0,0,6,0,0,0,1,0,15,0.136971,0.0661079,2.07193
5310,PL,0,3,0,0,0,0,0,0,0,0,0,0,11,3,1,0,0,3,0,0,0,0,0,7,0.122464,0.0226764,5.40052
5320,PL,1464,6,305,33,22,403,42,62,6,180,138,273,270,6,32,2,4,55,2,14,1,24,8,128,0.133465,0.0639101,2.08832
5330,PL,1659,6,355,31,19,466,35,79,7,216,156,295,0,0,0,0,0,0,0,0,0,0,0,0,0.137459,0.0402412,3.41587
5340,PL,1889,7,388,29,21,524,50,82,7,247,193,348,0,0,0,0,0,0,0,0,0,0,0,0,0.139741,0.040626,3.43968
5350,PL,1886,8,351,33,19,477,61,65,9,255,200,416,0,0,0,0,0,0,0,0,0,0,0,0,0.139051,0.0435292,3.19443
5360,PL,2021,9,431,34,24,579,57,97,8,278,208,305,0,0,0,0,0,0,0,0,0,0,0,0,0.139302,0.0442032,3.1514
5370,PL,1989,7,428,42,27,561,44,96,8,274,189,320,0,0,0,0,0,0,0,0,0,0,0,0,0.135056,0.0396825,3.40343
5380,PL,1792,8,369,31,34,505,46,63,7,245,171,321,0,0,0,0,0,0,0,0,0,0,0,0,0.135143,0.0410572,3.29157
5390,PL,1853,8,370,27,28,496,60,76,7,253,212,324,0,0,0,0,0,0,0,0,0,0,0,0,0.136836,0.0411627,3.32428
5400,PL,1771,7,348,32,17,546,47,80,5,235,183,278,0,0,0,0,0,0,0,0,0,0,0,0,0.136785,0.0405443,3.37371
5410,PL,1602,5,323,33,28,474,27,68,6,230,165,248,0,0,0,0,0,0,0,0,0,0,0,0,0.136089,0.0348214,3.90821
5420,PL,1742,9,334,33,21,497,44,80,9,241,137,346,0,0,0,0,0,0,0,0,0,0,0,0,0.133828,0.0458131,2.92116
5430,PL,1725,10,359,36,13,478,41,81,9,245,147,316,0,0,0,0,0,0,0,0,0,0,0,0,0.136367,0.0415411,3.2827
5440,PL,1684,7,364,28,29,466,37,72,4,205,169,310,637,8,92,8,13,162,8,32,1,48,46,227,0.133743,0.077245,1.73142
5450,PL,1540,8,298,26,21,438,32,76,7,207,159,276,478,6,75,7,2,116,2,23,0,45,32,176,0.135961,0.0731448,1.85879
5460,PL,1696,7,331,41,24,447,54,70,6,231,176,316,191,7,14,3,4,48,0,11,0,13,11,87,0.134207,0.0657692,2.04058
5470,PL,1744,6,358,40,27,531,56,59,8,249,150,266,16,3,6,0,0,7,0,1,0,1,0,1,0.135202,0.0481528,2.80776
5480,PL,1957,6,408,34,23,545,54,73,17,295,219,289,0,0,0,0,0,0,0,0,0,0,0,0,0.135443,0.0418848,3.2337
5490,PL,1963,7,406,27,29,544,55,80,8,238,189,387,0,0,0,0,0,0,0,0,0,0,0,0,0.132846,0.0410763,3.23413
5500,PL,0,3,0,0,0,0,0,0,0,0,0,0,4,3,1,0,0,1,0,0,0,0,0,2,0.122304,0.0205548,5.95011
5510,PL,1752,8,370,32,24,460,43,77,8,229,191,318,148,7,24,3,3,31,1,12,0,14,8,52,0.133861,0.0588189,2.27582
5520,PL,1906,7,378,30,22,555,62,81,4,224,161,389,0,0,0,0,0,0,0,0,0,0,0,0,0.134507,0.0434278,3.09726
5530,PL,1724,8,329,24,20,474,32,80,6,198,167,394,0,0,0,0,0,0,0,0,0,0,0,0,0.132667,0.0418079,3.17326
5540,PL,1990,7,386,41,18,563,61,89,7,247,221,357,0,0,0,0,0,0,0,0,0,0,0,0,0.133449,0.0459781,2.90245
5550,PL,1642,7,330,29,24,457,44,74,4,206,140,334,0,0,0,0,0,0,0,0,0,0,0,0,0.131462,0.0372696,3.52733
5560,PL,2142,5,461,28,17,653,63,95,13,295,198,319,0,0,0,0,0,0,0,0,0,0,0,0,0.133776,0.0363523,3.67999
5570,PL,1858,6,353,35,16,572,39,88,3,226,192,334,139,5,20,3,2,30,2,4,0,9,12,57,0.13439,0.0572373,2.34794
5580,PL,2203,6,434,52,26,661,73,112,5,300,220,320,0,0,0,0,0,0,0,0,0,0,0,0,0.135052,0.0393787,3.42958
5590,PL,773,7,136,12,12,227,9,30,3,87,66,191,106,8,8,1,1,34,1,2,1,9,8,41,0.124151,0.0510412,2.43237
5600,PL,2077,7,441,41,19,580,61,103,11,291,199,331,0,0,0,0,0,0,0,0,0,0,0,0,0.135688,0.0402199,3.37364
5610,PL,1971,7,378,36,17,520,62,74,11,275,190,408,20,4,3,0,0,6,0,1,0,0,1,9,0.134113,0.0535991,2.50214
5620,PL,1832,7,347,31,17,578,50,82,6,197,174,350,0,0,0,0,0,0,0,0,0,0,0,0,0.135013,0.0432176,3.12402
5630,PL,1687,8,338,35,21,484,44,69,8,210,154,324,0,0,0,0,0,0,0,0,0,0,0,0,0.133322,0.0375276,3.55262
5640,PL,2065,8,413,34,37,539,66,87,7,294,208,380,0,0,0,0,0,0,0,0,0,0,0,0,0.135338,0.0427068,3.169
5650,PL,1819,7,368,24,19,530,49,64,8,225,171,361,43,4,14,0,0,13,1,4,0,1,1,9,0.135697,0.0544084,2.49405
5660,PL,1834,6,391,23,30,515,43,85,3,241,183,320,0,0,0,0,0,0,0,0,0,0,0,0,0.134618,0.040288,3.34139
5670,PL,1934,7,405,37,31,522,46,83,6,231,203,370,0,0,0,0,0,0,0,0,0,0,0,0,0.131437,0.0430076,3.05614
5680,PL,2063,9,418,32,28,581,43,88,6,264,192,411,0,0,0,0,0,0,0,0,0,0,0,0,0.13288,0.0496519,2.67624
5690,PL,0,3,0,0,0,0,0,0,0,0,0,0,0,0,0,0,0,0,0,0,0,0,0,0,0.125983,0.0121008,10.4111
5700,PL,1856,7,341,35,24,503,45,93,0,231,169,415,0,0,0,0,0,0,0,0,0,0,0,0,0.135808,0.0380253,3.57151
5710,PL,1717,7,307,39,23,469,43,57,5,227,171,376,0,0,0,0,0,0,0,0,0,0,0,0,0.132025,0.0502916,2.6252
5720,PL,1817,6,364,36,31,511,40,73,9,240,172,341,137,5,9,2,2,24,2,5,0,8,7,78,0.13419,0.0600886,2.2332
5730,PL,1628,10,324,27,18,454,44,77,8,195,168,313,703,7,106,14,6,155,8,29,1,67,52,265,0.136567,0.0792523,1.7232
5740,PL,1729,7,371,32,20,483,37,70,4,218,169,325,0,0,0,0,0,0,0,0,0,0,0,0,0.133816,0.0478071,2.79909
5750,PL,1752,8,295,26,32,492,32,91,10,218,158,398,0,0,0,0,0,0,0,0,0,0,0,0,0.133751,0.0395295,3.38359
5760,PL,1863,6,381,38,23,534,50,75,7,238,174,343,0,0,0,0,0,0,0,0,0,0,0,0,0.1351,0.0384816,3.51076
5770,PL,1701,8,373,37,29,472,44,75,6,231,152,282,0,0,0,0,0,0,0,0,0,0,0,0,0.133777,0.0459231,2.91307
5780,PL,1801,6,339,33,26,530,50,88,5,248,195,287,3,3,1,0,0,1,0,1,0,0,0,0,0.134193,0.0455036,2.94906
5790,PL,1636,6,284,25,27,452,47,76,11,219,157,338,0,0,0,0,0,0,0,0,0,0,0,0,0.133066,0.0441967,3.01078
5800,PL,1789,10,324,30,23,510,34,61,7,209,183,408,131,5,14,1,0,29,0,7,0,2,5,73,0.1393,0.075974,1.83352
5810,PL,1445,6,288,29,20,417,35,66,6,168,137,279,0,0,0,0,0,0,0,0,0,0,0,0,0.132887,0.0415083,3.20145
5820,PL,1806,6,367,40,21,495,55,94,7,242,159,326,0,0,0,0,0,0,0,0,0,0,0,0,0.134678,0.036956,3.64428
