iteration,crossover_type,nbMoves,nbLoopsLS,nbMovesRepair,nbLoopsRepair,time_crossover,time_LS,ratio_crossover_LS
0,GOX,235,7,0,0,0.0272565,0.0399704,0.681918
10,GOX,290,6,0,0,0.0273053,0.0431414,0.632926
20,GOX,342,5,0,0,0.0272118,0.0502224,0.541826
30,GOX,350,6,0,0,0.0273257,0.0540651,0.505422
40,GOX,288,6,0,0,0.027048,0.045163,0.598898
50,GOX,410,6,0,0,0.0266461,0.0475929,0.559876
60,GOX,164,6,422,8,0.0270567,0.113425,0.238543
70,GOX,250,5,0,0,0.027237,0.0413849,0.65814
80,GOX,257,4,117,5,0.0258041,0.0812889,0.317437
90,GOX,253,5,0,0,0.026172,0.0412669,0.634212
100,GOX,415,5,338,8,0.0271013,0.102429,0.264586
110,GOX,215,6,91,6,0.0259093,0.0894931,0.289511
120,GOX,249,5,315,6,0.0267465,0.0863419,0.309774
130,GOX,242,6,74,5,0.0263753,0.0885297,0.297927
140,GOX,445,6,0,0,0.0263634,0.0556329,0.473882
150,GOX,120,6,0,0,0.026067,0.0337559,0.772222
160,GOX,179,7,106,5,0.0271163,0.0781735,0.346873
170,GOX,209,5,102,5,0.0270588,0.0770875,0.351015
180,GOX,134,5,0,0,0.000832775,0.0326258,0.025525
190,GOX,171,5,0,0,0.0261729,0.0356218,0.734742
200,GOX,256,6,86,6,0.026406,0.081127,0.325489
210,GOX,260,6,147,5,0.0268169,0.0839844,0.319308
220,GOX,147,5,0,0,0.0259336,0.0380773,0.681076
230,GOX,276,5,0,0,0.0256688,0.0425639,0.603067
240,GOX,155,5,0,0,0.000590894,0.0320193,0.0184543
250,GOX,209,6,164,6,0.0252362,0.0788254,0.320153
260,GOX,174,4,72,5,0.0010064,0.0667887,0.0150684
270,GOX,203,5,196,5,0.0261447,0.0972515,0.268836
280,GOX,164,6,120,7,0.025402,0.0868801,0.29238
290,GOX,374,7,0,0,0.0269372,0.0514999,0.523054
300,GOX,128,5,182,8,0.0264089,0.0749033,0.352574
310,GOX,274,5,0,0,0.0262701,0.0489687,0.536468
320,GOX,189,6,0,0,0.0258741,0.0399557,0.647571
330,GOX,188,6,244,6,0.0254109,0.0890289,0.285423
340,GOX,210,7,0,0,0.000972156,0.0369845,0.0262855
350,GOX,157,5,0,0,0.0261199,0.0355837,0.734043
360,GOX,225,4,604,7,0.0263348,0.115799,0.227419
370,GOX,195,4,0,0,0.0263095,0.0366549,0.717762
380,GOX,335,8,202,6,0.0262012,0.0949179,0.276041
390,GOX,217,6,0,0,0.0266132,0.0421998,0.630647
400,GOX,204,4,194,6,0.0262093,0.0943416,0.277813
410,GOX,279,7,339,7,0.0266714,0.110379,0.241634
420,GOX,250,6,74,6,0.0269418,0.0717302,0.375599
430,GOX,2,3,201,6,0.000749194,0.0647022,0.0115791
440,GOX,113,6,0,0,0.0256778,0.0358298,0.716661
450,GOX,173,8,0,0,0.025988,0.0422756,0.614727
460,GOX,340,5,247,7,0.0267585,0.0945774,0.282926
470,GOX,203,6,0,0,0.0260811,0.0410483,0.635375
480,GOX,246,8,0,0,0.027048,0.0435516,0.621057
490,GOX,340,8,0,0,0.0260878,0.0497305,0.524583
500,GOX,101,4,88,6,0.026096,0.0720323,0.362283
510,GOX,204,5,79,7,0.0259611,0.0705368,0.368051
520,GOX,295,6,351,8,0.0261427,0.0900154,0.290425
530,GOX,284,6,0,0,0.0268203,0.0531156,0.504942
540,GOX,224,6,108,6,0.0265704,0.0802767,0.330985
550,GOX,341,8,0,0,0.0261599,0.0529338,0.4942
560,GOX,262,4,0,0,0.026114,0.0371224,0.703456
570,GOX,184,5,0,0,0.0259115,0.0416824,0.621643
580,GOX,176,6,0,0,0.000840865,0.0391816,0.0214607
590,GOX,243,5,0,0,0.0264098,0.0438297,0.602555
600,GOX,193,6,146,5,0.0264684,0.0834226,0.31728
610,GOX,223,6,0,0,0.0257869,0.040433,0.637768
620,GOX,311,5,0,0,0.0262196,0.0420252,0.623901
630,GOX,512,8,0,0,0.0262781,0.0638868,0.411323
640,GOX,159,5,0,0,0.000962855,0.0324277,0.0296923
650,GOX,7,3,0,0,0.000716944,0.0260476,0.0275243
660,GOX,285,5,0,0,0.0266039,0.0427812,0.62186
670,GOX,174,6,230,8,0.0255359,0.0964173,0.264848
680,GOX,343,7,0,0,0.0261202,0.0511338,0.510821
690,GOX,379,5,0,0,0.026222,0.0448978,0.584038
700,GOX,247,6,0,0,0.0266893,0.0463475,0.575854
710,GOX,182,5,184,7,0.0259347,0.0860469,0.301402
720,GOX,226,5,206,7,0.0260112,0.0883928,0.294268
730,GOX,308,7,0,0,0.0275267,0.0529172,0.520184
740,GOX,257,7,0,0,0.0263459,0.0475965,0.553526
750,GOX,445,8,497,13,0.0272534,0.144823,0.188183
760,GOX,368,7,0,0,0.0274185,0.0501573,0.546649
770,GOX,264,5,0,0,0.0267893,0.0481679,0.556164
780,GOX,234,6,0,0,0.025813,0.0416203,0.620202
790,GOX,325,5,0,0,0.027436,0.0403476,0.679991
800,GOX,356,6,0,0,0.0267552,0.0455091,0.587908
810,GOX,178,7,0,0,0.0261793,0.04544,0.576128
820,GOX,197,5,0,0,0.0256713,0.0371336,0.691323
830,GOX,143,5,70,5,0.000857404,0.0668051,0.0128344
840,GOX,465,9,0,0,0.0268814,0.0601768,0.446708
850,GOX,164,5,0,0,0.0260546,0.0407599,0.63922
860,GOX,217,5,0,0,0.0267763,0.0398852,0.671333
870,GOX,217,6,0,0,0.0256772,0.0466965,0.549874
880,GOX,78,5,0,0,0.0257983,0.0350675,0.735675
890,GOX,332,6,303,7,0.027045,0.0998502,0.270856
900,GOX,449,6,313,8,0.0265652,0.110527,0.240351
910,GOX,325,5,0,0,0.0256146,0.0456991,0.560506
920,GOX,266,4,0,0,0.0257458,0.0422401,0.609512
930,GOX,241,4,263,7,0.0260107,0.095381,0.272703
940,GOX,234,8,363,6,0.0258415,0.0910698,0.283755
950,GOX,402,6,169,9,0.0266603,0.0996942,0.267421
960,GOX,301,5,0,0,0.0262926,0.0446225,0.589222
970,GOX,33,3,32,4,0.000485912,0.0541406,0.008975
980,GOX,109,5,0,0,0.0257593,0.0354253,0.727143
990,GOX,403,7,279,6,0.026427,0.110328,0.239532
1000,GOX,263,8,0,0,0.0258722,0.0526538,0.491363
1010,GOX,116,6,0,0,0.026243,0.0367697,0.713712
1020,GOX,213,7,169,9,0.0263276,0.0946956,0.278023
1030,GOX,106,4,0,0,0.0258209,0.032426,0.796302
1040,GOX,272,5,0,0,0.0268565,0.0490679,0.547334
1050,GOX,135,4,0,0,0.026659,0.033322,0.800041
1060,GOX,152,5,36,4,0.000631472,0.0678888,0.00930156
1070,GOX,282,5,0,0,0.025975,0.0440674,0.589437
1080,GOX,263,6,271,6,0.0267425,0.0929724,0.287639
1090,GOX,265,6,0,0,0.0259728,0.0489584,0.530507
1100,GOX,191,6,354,9,0.0262807,0.0960707,0.273556
1110,GOX,345,6,0,0,0.0270677,0.0548242,0.493718
1120,GOX,18,4,0,0,0.0257835,0.0294878,0.874379
1130,GOX,232,5,181,7,0.0261366,0.0832961,0.31378
1140,GOX,254,5,0,0,0.0259455,0.0436793,0.593999
1150,GOX,326,6,154,10,0.0264364,0.0994197,0.265907
1160,GOX,331,9,303,5,0.0256557,0.0916086,0.280057
1170,GOX,139,5,213,5,0.0260556,0.0715065,0.364381
1180,GOX,247,8,0,0,0.0267832,0.046118,0.580753
1190,GOX,276,8,0,0,0.0255811,0.0508498,0.503071
1200,GOX,313,5,0,0,0.026089,0.0449382,0.580552
1210,GOX,259,7,0,0,0.0260125,0.0521489,0.498813
1220,GOX,293,5,202,7,0.0260128,0.0970963,0.267907
1230,GOX,369,7,0,0,0.0258063,0.0580568,0.444501
1240,GOX,311,6,333,7,0.0261595,0.107399,0.243572
1250,GOX,320,7,0,0,0.0262544,0.0473596,0.554364
1260,GOX,212,6,292,6,0.0261929,0.084075,0.311543
1270,GOX,311,5,0,0,0.026423,0.0435308,0.606996
1280,GOX,148,5,0,0,0.0261912,0.0395827,0.661683
1290,GOX,482,6,381,7,0.0275747,0.110302,0.249993
1300,GOX,174,5,0,0,0.0255402,0.0376062,0.67915
1310,GOX,35,3,0,0,0.0266987,0.0285943,0.933707
1320,GOX,237,5,122,6,0.0263651,0.0851777,0.30953
1330,GOX,312,6,96,6,0.0264077,0.0831704,0.317513
1340,GOX,233,7,99,7,0.0260854,0.0849723,0.306987
1350,GOX,186,6,406,10,0.0258843,0.109905,0.235514
1360,GOX,237,6,244,7,0.0265342,0.101015,0.262675
1370,GOX,233,5,155,6,0.0269118,0.0873527,0.308082
1380,GOX,200,6,0,0,0.0260997,0.0499825,0.522177
1390,GOX,253,5,0,0,0.0259005,0.0357983,0.723511
1400,GOX,431,6,0,0,0.026172,0.0534498,0.489657
1410,GOX,180,8,106,5,0.0262384,0.0853894,0.307279
1420,GOX,152,6,0,0,0.0256254,0.0402115,0.637265
1430,GOX,195,7,0,0,0.0255906,0.0483336,0.529459
1440,GOX,173,5,51,4,0.0268857,0.067534,0.398107
1450,GOX,197,5,402,6,0.026172,0.0991562,0.263947
1460,GOX,245,5,0,0,0.0264462,0.0429767,0.615362
1470,GOX,217,6,393,8,0.0258712,0.115318,0.224346
1480,GOX,118,5,379,8,0.0258766,0.0966497,0.267736
1490,GOX,172,6,0,0,0.0260133,0.041136,0.632374
1500,GOX,170,6,310,6,0.0258769,0.107471,0.240781
1510,GOX,537,8,0,0,0.0262805,0.0702461,0.37412
1520,GOX,197,6,206,6,0.0256342,0.0941693,0.272214
1530,GOX,197,5,0,0,0.0255755,0.0394062,0.649023
1540,GOX,121,4,72,5,0.02572,0.0612009,0.420256
1550,GOX,91,4,231,8,0.0262506,0.0843703,0.311135
1560,GOX,118,5,0,0,0.0260061,0.0353932,0.734777
1570,GOX,305,7,0,0,0.0265743,0.0538065,0.493886
1580,GOX,329,6,70,6,0.0269457,0.0837586,0.321706
1590,GOX,296,6,0,0,0.0261093,0.0533628,0.489278
1600,GOX,162,6,307,7,0.0257889,0.0901397,0.286099
1610,GOX,191,7,0,0,0.0265258,0.0482994,0.549195
1620,GOX,98,5,0,0,0.0257221,0.037892,0.678827
1630,GOX,186,4,0,0,0.0256146,0.0321654,0.796341
1640,GOX,330,8,14,3,0.0259971,0.076686,0.339007
1650,GOX,370,7,0,0,0.0262396,0.0504715,0.51989
1660,GOX,306,5,0,0,0.0260219,0.0474243,0.548704
1670,GOX,342,6,0,0,0.0259189,0.054254,0.477733
1680,GOX,178,6,0,0,0.0259442,0.0404323,0.64167
1690,GOX,224,5,0,0,0.0261986,0.0424693,0.616883
1700,GOX,385,6,36,6,0.0264223,0.0838508,0.315111
1710,GOX,281,7,0,0,0.0267678,0.0414333,0.646045
1720,GOX,268,6,66,6,0.0267529,0.0779666,0.343132
1730,GOX,57,4,50,4,0.0260589,0.0639203,0.407677
1740,GOX,184,4,426,7,0.0263619,0.101029,0.260933
1750,GOX,264,5,87,7,0.0265315,0.0868158,0.305607
1760,GOX,279,6,179,11,0.0266716,0.0983753,0.271121
1770,GOX,356,7,10,4,0.0265884,0.0808656,0.328797
1780,GOX,127,4,0,0,0.0262811,0.0356795,0.736589
1790,GOX,223,5,0,0,0.0257341,0.0426354,0.603585
1800,GOX,233,5,0,0,0.0260947,0.0400746,0.651154
1810,GOX,210,4,275,5,0.0260717,0.0802631,0.324828
1820,GOX,248,6,27,4,0.0267355,0.0746645,0.358074
1830,GOX,339,6,0,0,0.0263516,0.0564072,0.467168
1840,GOX,253,6,388,6,0.0261029,0.0949894,0.274798
1850,GOX,258,5,368,6,0.0261879,0.109808,0.238489
1860,GOX,313,6,188,7,0.0264689,0.0962953,0.274872
1870,GOX,281,6,495,11,0.0261656,0.112829,0.231905
1880,GOX,266,6,0,0,0.025991,0.0465661,0.558154
1890,GOX,199,6,244,8,0.0257573,0.0926748,0.277932
1900,GOX,365,5,0,0,0.0262722,0.0473188,0.555217
1910,GOX,169,7,0,0,0.0256041,0.0378623,0.676243
1920,GOX,370,5,0,0,0.0259516,0.0472655,0.549059
1930,GOX,266,6,154,7,0.0262364,0.090298,0.290554
1940,GOX,125,4,0,0,0.000530773,0.0314844,0.0168583
1950,GOX,244,6,335,6,0.0267665,0.0928256,0.288352
1960,GOX,314,5,0,0,0.0264775,0.0439333,0.602675
1970,GOX,336,6,0,0,0.026087,0.0472357,0.552272
1980,GOX,254,5,0,0,0.0259555,0.0451109,0.575371
1990,GOX,276,5,0,0,0.0272324,0.0414083,0.657656
2000,GOX,254,7,197,9,0.0257479,0.0947172,0.27184
2010,GOX,164,8,0,0,0.0259101,0.0437172,0.592675
2020,GOX,150,5,0,0,0.0277129,0.0409702,0.676417
2030,GOX,170,5,122,5,0.026067,0.0775906,0.335956
2040,GOX,234,8,81,5,0.025853,0.0798758,0.323665
2050,GOX,370,5,403,7,0.0256529,0.100902,0.254236
2060,GOX,353,7,0,0,0.0264391,0.0494292,0.534888
2070,GOX,184,7,0,0,0.0263204,0.0391229,0.672763
2080,GOX,183,6,173,5,0.0282958,0.0815923,0.346795
2090,GOX,79,5,110,9,0.0258739,0.0770932,0.335619
2100,GOX,159,5,15,5,0.0252707,0.0634234,0.398445
2110,GOX,186,5,211,7,0.0261405,0.0764078,0.342118
2120,GOX,197,5,75,5,0.0264024,0.0691587,0.381765
2130,GOX,139,5,0,0,0.0259895,0.0357924,0.726117
2140,GOX,188,4,91,6,0.0263608,0.0769568,0.342541
2150,GOX,50,4,0,0,0.025672,0.0338147,0.759198
2160,GOX,121,6,0,0,0.0256989,0.0369117,0.696228
2170,GOX,193,6,457,7,0.0265342,0.100366,0.264375
2180,GOX,285,4,0,0,0.0261877,0.0421112,0.621871
2190,GOX,133,5,133,6,0.0254449,0.074704,0.340609
2200,GOX,215,7,0,0,0.0255161,0.0438179,0.582322
2210,GOX,212,5,0,0,0.0257284,0.039157,0.657058
2220,GOX,313,7,0,0,0.0258287,0.0495346,0.521428
2230,GOX,223,5,95,6,0.0261723,0.0789555,0.331482
2240,GOX,267,7,0,0,0.0272245,0.0483075,0.563566
2250,GOX,246,6,76,5,0.0258197,0.0802527,0.321731
2260,GOX,319,5,0,0,0.025882,0.0438674,0.590006
2270,GOX,372,7,0,0,0.026288,0.0538806,0.487895
2280,GOX,121,4,0,0,0.025958,0.0353224,0.734888
2290,GOX,332,5,0,0,0.0260114,0.0457592,0.568441
2300,GOX,254,5,0,0,0.0260396,0.0435048,0.598547
2310,GOX,296,7,0,0,0.0267765,0.0509149,0.525906
2320,GOX,210,5,364,8,0.0261552,0.106389,0.245844
2330,GOX,235,6,401,8,0.0259256,0.107051,0.242179
2340,GOX,187,5,227,6,0.025765,0.0834576,0.30872
2350,GOX,419,7,0,0,0.0261493,0.0610315,0.428456
2360,GOX,192,7,32,5,0.025917,0.0752809,0.344271
2370,GOX,211,5,19,3,0.0256836,0.0703789,0.364934
2380,GOX,154,6,143,5,0.025457,0.0799295,0.318494
2390,GOX,260,4,0,0,0.0262898,0.0374014,0.70291
2400,GOX,374,6,297,8,0.026676,0.0980804,0.271981
2410,GOX,384,6,407,10,0.025887,0.119968,0.215782
2420,GOX,240,5,65,5,0.0273796,0.0793474,0.345061
2430,GOX,211,5,0,0,0.0262016,0.0403008,0.650151
2440,GOX,172,8,20,4,0.0269609,0.0654856,0.411708
2450,GOX,181,7,0,0,0.0255546,0.0435854,0.586311
2460,GOX,207,8,564,9,0.0260351,0.107812,0.241487
2470,GOX,296,7,0,0,0.0264466,0.0501431,0.527422
2480,GOX,84,4,0,0,0.000407602,0.0294676,0.0138322
2490,GOX,281,7,0,0,0.0259689,0.0442894,0.586346
2500,GOX,335,7,0,0,0.0262948,0.0515178,0.510403
2510,GOX,131,5,399,10,0.0253686,0.0968445,0.261952
2520,GOX,283,5,0,0,0.0258666,0.0402391,0.642823
2530,GOX,212,4,0,0,0.0266092,0.0392129,0.678582
2540,GOX,227,7,259,7,0.0258536,0.0902004,0.286624
2550,GOX,201,6,0,0,0.0256301,0.0399619,0.641363
2560,GOX,280,5,287,6,0.0257265,0.0847563,0.303535
2570,GOX,212,5,162,7,0.0258881,0.0861199,0.300605
2580,GOX,318,6,292,9,0.026047,0.104976,0.248123
2590,GOX,366,7,0,0,0.0262627,0.0545626,0.481331
2600,GOX,113,4,0,0,0.0260667,0.0309614,0.84191
2610,GOX,345,5,0,0,0.0265781,0.0460706,0.5769
2620,GOX,358,7,0,0,0.0267473,0.0548344,0.487784
2630,GOX,155,7,0,0,0.0278109,0.0364222,0.76357
2640,GOX,346,6,180,7,0.0259964,0.0957104,0.271615
2650,GOX,250,6,0,0,0.0258626,0.0453148,0.570733
2660,GOX,257,6,0,0,0.0261607,0.043457,0.60199
2670,GOX,328,5,0,0,0.026095,0.0458564,0.56906
2680,GOX,466,6,253,6,0.0268022,0.0977681,0.27414
2690,GOX,336,5,0,0,0.0255896,0.0463464,0.552138
2700,GOX,229,5,0,0,0.0257236,0.0445868,0.576933
2710,GOX,339,6,0,0,0.0254883,0.0499778,0.509993
2720,GOX,161,5,0,0,0.0265079,0.0367818,0.72068
2730,GOX,414,9,107,7,0.026019,0.0998747,0.260516
2740,GOX,304,6,73,5,0.026121,0.0821878,0.317821
2750,GOX,348,7,0,0,0.0263649,0.0479044,0.550366
2760,GOX,476,8,124,5,0.0273916,0.0982209,0.278877
2770,GOX,377,8,31,5,0.0254524,0.0814987,0.312304
2780,GOX,240,7,0,0,0.0258503,0.0399039,0.647814
2790,GOX,205,9,0,0,0.0257105,0.0502795,0.511351
2800,GOX,302,6,188,5,0.0260112,0.0901034,0.288682
2810,GOX,195,7,453,6,0.0262603,0.100299,0.26182
2820,GOX,19,3,21,4,0.0258412,0.0522098,0.494949
2830,GOX,174,6,0,0,0.0256883,0.038672,0.664261
2840,GOX,125,6,0,0,0.0262032,0.0406168,0.64513
2850,GOX,308,6,0,0,0.0272554,0.0441378,0.617506
2860,GOX,419,6,406,9,0.0260893,0.116011,0.224887
2870,GOX,231,5,106,5,0.0259859,0.0774841,0.335371
2880,GOX,262,7,288,6,0.0261875,0.0902975,0.290014
2890,GOX,252,6,29,4,0.0260186,0.0731527,0.355676
2900,GOX,422,9,81,7,0.0271136,0.0855923,0.316776
2910,GOX,256,8,110,6,0.0262347,0.0868711,0.301995
2920,GOX,355,7,174,7,0.0261631,0.0939625,0.278442
2930,GOX,133,4,0,0,0.0260937,0.0292866,0.890978
2940,GOX,239,5,339,6,0.0262861,0.0926921,0.283586
2950,GOX,225,4,0,0,0.0261394,0.0388971,0.672014
2960,GOX,263,6,0,0,0.025887,0.0432843,0.598069
2970,GOX,190,6,0,0,0.0258157,0.0383115,0.673835
2980,GOX,106,4,201,7,0.0260198,0.0775172,0.335665
2990,GOX,157,5,326,6,0.0257468,0.0836891,0.307648
3000,GOX,58,5,0,0,0.0255781,0.0320633,0.797736
3010,GOX,333,5,0,0,0.0266196,0.0436579,0.609731
3020,GOX,277,5,0,0,0.0256649,0.0409485,0.626761
3030,GOX,189,7,0,0,0.025541,0.0381795,0.668971
3040,GOX,356,8,188,6,0.025851,0.0960957,0.269013
3050,GOX,381,7,0,0,0.0261659,0.0473943,0.552089
3060,GOX,193,6,0,0,0.0260338,0.037511,0.69403
3070,GOX,303,7,0,0,0.0262262,0.0441352,0.594224
3080,GOX,238,6,0,0,0.0260475,0.0376513,0.691808
3090,GOX,205,6,277,6,0.0262104,0.0852539,0.307439
3100,GOX,265,6,125,6,0.0262441,0.0811817,0.323276
3110,GOX,314,7,0,0,0.0261319,0.0415426,0.62904
3120,GOX,372,7,0,0,0.025855,0.0430928,0.599984
3130,GOX,243,5,0,0,0.0259562,0.0378177,0.68635
3140,GOX,303,6,110,6,0.0256054,0.0788533,0.324722
3150,GOX,433,6,0,0,0.025629,0.0503139,0.509383
3160,GOX,424,6,0,0,0.0262774,0.0506249,0.519062
3170,GOX,108,4,0,0,0.025689,0.0303307,0.846963
3180,GOX,258,9,46,4,0.0258243,0.0734905,0.351396
3190,GOX,190,4,0,0,0.0262922,0.0355946,0.738658
3200,GOX,205,4,281,8,0.0255176,0.0879296,0.290205
3210,GOX,222,6,0,0,0.0263354,0.0390055,0.675172
3220,GOX,240,6,133,6,0.026245,0.0740596,0.354377
3230,GOX,88,4,0,0,0.0267439,0.032343,0.826884
3240,GOX,242,8,0,0,0.0261159,0.0439758,0.593871
3250,GOX,222,7,0,0,0.0258524,0.0442447,0.584305
3260,GOX,234,6,0,0,0.0261619,0.0396703,0.659483
3270,GOX,177,7,0,0,0.0256652,0.0401899,0.638598
3280,GOX,208,5,0,0,0.0260929,0.0400678,0.65122
3290,GOX,195,6,0,0,0.0256172,0.0405941,0.631058
3300,GOX,313,5,223,9,0.025878,0.0938126,0.275848
3310,GOX,159,5,0,0,0.0261724,0.0340668,0.768268
3320,GOX,281,4,0,0,0.0258387,0.0359724,0.718292
3330,GOX,206,5,0,0,0.000837913,0.0362957,0.0230858
3340,GOX,313,5,157,9,0.0259001,0.0878417,0.294849
3350,GOX,169,5,0,0,0.0256863,0.0351603,0.73055
3360,GOX,392,6,120,6,0.0265382,0.0850451,0.312049
3370,GOX,297,5,0,0,0.0255148,0.0421296,0.605627
3380,GOX,467,7,0,0,0.026246,0.0576175,0.455522
3390,GOX,221,5,0,0,0.0257724,0.0364423,0.707212
3400,GOX,484,5,170,9,0.0264175,0.109314,0.241667
3410,GOX,140,6,0,0,0.0260183,0.0364516,0.713776
3420,GOX,152,7,62,5,0.0255935,0.0658628,0.388588
3430,GOX,209,6,0,0,0.0256131,0.0420576,0.609001
3440,GOX,262,6,0,0,0.0261173,0.0428782,0.609105
3450,GOX,183,4,0,0,0.026094,0.0377608,0.691033
3460,GOX,173,4,0,0,0.0265643,0.0308697,0.86053
3470,GOX,170,5,43,5,0.0259707,0.0651393,0.398694
3480,GOX,182,6,0,0,0.0262019,0.040547,0.646211
3490,GOX,151,4,0,0,0.026361,0.031807,0.82878
3500,GOX,274,6,0,0,0.0257957,0.0414002,0.62308
3510,GOX,369,7,609,6,0.0262798,0.117545,0.223572
3520,GOX,136,5,0,0,0.0258559,0.0335315,0.771091
3530,GOX,223,6,170,7,0.0263363,0.0824316,0.319492
3540,GOX,276,6,69,6,0.0255142,0.083582,0.305259
3550,GOX,206,7,0,0,0.0263491,0.0422991,0.622923
3560,GOX,359,9,0,0,0.0261063,0.0559016,0.467004
3570,GOX,249,6,438,7,0.0258281,0.102067,0.253049
3580,GOX,327,5,0,0,0.025813,0.0430857,0.599108
3590,GOX,205,6,0,0,0.0256248,0.0396689,0.645969
3600,GOX,121,6,119,5,0.0262453,0.0743945,0.352785
3610,GOX,307,7,0,0,0.0259597,0.0464125,0.559326
3620,GOX,70,7,0,0,0.0256064,0.0315605,0.811345
3630,GOX,389,6,191,8,0.0263054,0.0903263,0.291227
3640,GOX,69,3,0,0,0.000799344,0.0267485,0.0298837
3650,GOX,183,4,155,5,0.0257,0.0779229,0.329814
3660,GOX,238,6,0,0,0.0259711,0.0445754,0.582632
3670,GOX,271,6,0,0,0.0263716,0.0438534,0.601359
3680,GOX,324,6,0,0,0.0267654,0.0393153,0.680789
3690,GOX,163,5,597,8,0.0255653,0.112188,0.227879
3700,GOX,204,7,252,7,0.0258638,0.0883941,0.292597
3710,GOX,341,6,103,5,0.0259728,0.0832059,0.312151
3720,GOX,119,6,64,5,0.0255332,0.12815,0.199244
3730,GOX,223,4,0,0,0.0258442,0.033058,0.781784
3740,GOX,161,6,268,8,0.0261217,0.0853467,0.306066
3750,GOX,295,6,0,0,0.0255957,0.0434564,0.588997
3760,GOX,246,5,0,0,0.0254538,0.0434475,0.585851
3770,GOX,302,6,0,0,0.0259715,0.0427177,0.607981
3780,GOX,240,6,0,0,0.0257238,0.0409381,0.628357
3790,GOX,156,4,0,0,0.0258225,0.0347023,0.744115
3800,GOX,164,7,0,0,0.0273784,0.0416637,0.657127
3810,GOX,102,7,0,0,0.0254601,0.036411,0.699241
3820,GOX,185,5,58,7,0.0267196,0.0749853,0.356331
3830,GOX,260,6,0,0,0.0258871,0.0421033,0.614848
3840,GOX,317,5,0,0,0.0270997,0.0415971,0.65148
3850,GOX,269,7,430,8,0.0263292,0.108552,0.242549
3860,GOX,233,5,0,0,0.0264095,0.0394059,0.670193
3870,GOX,389,5,0,0,0.0277918,0.0485026,0.572995
3880,GOX,85,5,0,0,0.0260696,0.031191,0.835806
3890,GOX,90,4,0,0,0.0255431,0.0302009,0.845775
3900,GOX,154,7,170,7,0.0259797,0.079947,0.324961
3910,GOX,307,7,0,0,0.0259931,0.0456469,0.569439
3920,GOX,220,5,0,0,0.0259011,0.0380618,0.680502
3930,GOX,207,5,0,0,0.0267296,0.0398271,0.67114
3940,GOX,124,4,132,6,0.0260333,0.0725041,0.35906
3950,GOX,220,4,0,0,0.0268416,0.0373978,0.717733
3960,GOX,212,7,0,0,0.0263506,0.0424368,0.620936
3970,GOX,153,6,0,0,0.0260112,0.0363358,0.715857
3980,GOX,324,7,0,0,0.0259628,0.0477239,0.544021
3990,GOX,178,5,0,0,0.0266247,0.0372186,0.71536
4000,GOX,166,4,66,5,0.0253335,0.0690657,0.366803
4010,GOX,189,5,131,7,0.0261893,0.077933,0.336049
4020,GOX,227,6,0,0,0.0262994,0.041222,0.637994
4030,GOX,133,5,89,5,0.0259591,0.0686855,0.377942
4040,GOX,24,3,0,0,0.0256277,0.0294724,0.869549
4050,GOX,350,7,0,0,0.0256092,0.053438,0.479232
4060,GOX,183,7,52,5,0.025449,0.0745383,0.341422
4070,GOX,195,6,0,0,0.0259823,0.0367079,0.707813
4080,GOX,320,6,315,6,0.0258452,0.093775,0.275608
4090,GOX,50,3,0,0,0.0258925,0.0242354,1.06837
4100,GOX,124,5,0,0,0.0264354,0.0338664,0.78058
4110,GOX,355,7,174,6,0.0260006,0.0883135,0.294412
4120,GOX,188,4,0,0,0.0259955,0.0355309,0.731631
4130,GOX,194,5,268,6,0.0279838,0.0847766,0.330088
4140,GOX,380,6,124,6,0.0265682,0.0931421,0.285243
4150,GOX,245,5,0,0,0.0264727,0.0408615,0.647865
4160,GOX,280,7,0,0,0.0259588,0.0422631,0.61422
4170,GOX,191,4,0,0,0.0267321,0.0325584,0.821052
4180,GOX,266,5,0,0,0.0255126,0.042608,0.598776
4190,GOX,190,5,0,0,0.0266346,0.0348826,0.763552
4200,GOX,311,5,0,0,0.0263028,0.0427483,0.615295
4210,GOX,232,6,207,7,0.0257614,0.0774609,0.332573
4220,GOX,159,6,73,9,0.0255733,0.0730429,0.350114
4230,GOX,374,7,0,0,0.0263585,0.049317,0.53447
4240,GOX,238,5,0,0,0.0261019,0.036876,0.707829
4250,GOX,63,6,0,0,0.0257917,0.0337973,0.763131
4260,GOX,203,7,232,7,0.0260846,0.0842198,0.30972
4270,GOX,213,9,0,0,0.025829,0.0427884,0.603645
4280,GOX,186,6,141,6,0.0257501,0.0705614,0.364933
4290,GOX,129,7,396,6,0.0257464,0.0910947,0.282633
4300,GOX,244,5,353,6,0.0270521,0.081292,0.332777
4310,GOX,150,6,242,6,0.0253204,0.0754128,0.335757
4320,GOX,55,4,78,6,0.0261246,0.0602726,0.433441
4330,GOX,237,6,0,0,0.0266146,0.0424422,0.627077
4340,GOX,254,6,0,0,0.0263914,0.0464307,0.568403
4350,GOX,191,5,0,0,0.0262458,0.0298237,0.88003
4360,GOX,92,4,0,0,0.0268509,0.0287274,0.93468
4370,GOX,136,9,0,0,0.0258183,0.0391461,0.659537
4380,GOX,312,10,0,0,0.0266824,0.0468664,0.569329
4390,GOX,158,4,0,0,0.0257751,0.0326261,0.790013
4400,GOX,109,5,0,0,0.025815,0.0326558,0.790518
4410,GOX,195,6,0,0,0.0258458,0.0394756,0.65473
4420,GOX,345,6,0,0,0.0268486,0.0410547,0.653971
4430,GOX,249,5,19,4,0.0256697,0.0696946,0.368316
4440,GOX,195,5,0,0,0.0257012,0.0389203,0.660355
4450,GOX,220,6,0,0,0.0262138,0.0391995,0.668729
4460,GOX,228,5,0,0,0.026685,0.0383743,0.695387
4470,GOX,355,8,305,8,0.0256508,0.106156,0.241633
4480,GOX,174,5,0,0,0.000833823,0.0361516,0.0230646
4490,GOX,415,6,265,7,0.0259258,0.09265,0.279825
4500,GOX,158,4,0,0,0.0258936,0.0320453,0.808031
4510,GOX,283,6,0,0,0.0257192,0.0394948,0.651204
4520,GOX,91,4,0,0,0.000840033,0.03027,0.0277513
4530,GOX,347,9,0,0,0.0255605,0.0494752,0.516633
4540,GOX,323,5,473,9,0.0261952,0.105283,0.248807
4550,GOX,209,4,340,7,0.0258459,0.0781834,0.330581
4560,GOX,216,7,35,5,0.0266379,0.0725138,0.36735
4570,GOX,207,4,0,0,0.0258774,0.0332501,0.778263
4580,GOX,223,5,183,6,0.0253202,0.0810923,0.312239
4590,GOX,191,5,124,5,0.0255295,0.0686109,0.37209
4600,GOX,107,5,0,0,0.0259242,0.0352007,0.736468
4610,GOX,306,5,81,7,0.02627,0.0802623,0.327302
4620,GOX,332,5,324,6,0.0256024,0.0817349,0.313237
4630,GOX,257,6,268,6,0.0261138,0.0884396,0.295273
4640,GOX,335,7,128,6,0.0257519,0.0883508,0.291473
4650,GOX,114,5,104,11,0.0255418,0.0815875,0.31306
4660,GOX,131,4,0,0,0.000773813,0.0291539,0.0265423
4670,GOX,175,5,239,9,0.0256165,0.086975,0.294527
4680,GOX,123,5,174,7,0.0256732,0.0719906,0.356619
4690,GOX,281,7,0,0,0.0262107,0.0458575,0.571569
4700,GOX,177,6,64,6,0.0256621,0.070069,0.366241
4710,GOX,169,6,204,8,0.0260806,0.0798581,0.326587
4720,GOX,77,5,0,0,0.0265828,0.0319505,0.832
4730,GOX,145,6,0,0,0.0261054,0.0351009,0.743724
4740,GOX,455,7,86,5,0.0266186,0.0833488,0.319364
4750,GOX,137,4,0,0,0.0254913,0.0303184,0.840787
4760,GOX,419,6,0,0,0.0262383,0.0457319,0.573743
4770,GOX,281,5,313,7,0.0263786,0.0896443,0.294258
4780,GOX,172,5,0,0,0.0256458,0.0342317,0.749184
4790,GOX,448,6,0,0,0.025803,0.0493609,0.522742
4800,GOX,184,5,0,0,0.0263105,0.0366661,0.71757
4810,GOX,331,7,0,0,0.0258014,0.0477479,0.540367
4820,GOX,0,3,0,0,0.000651532,0.0233072,0.0279541
4830,GOX,346,6,0,0,0.0265467,0.0481587,0.551235
4840,GOX,203,5,278,8,0.0257294,0.0920044,0.279654
4850,GOX,209,4,156,6,0.0257572,0.0752816,0.342145
4860,GOX,27,3,31,4,0.0257614,0.0511513,0.503632
4870,GOX,294,6,0,0,0.0256921,0.040784,0.629956
4880,GOX,85,5,0,0,0.000955393,0.0289103,0.0330468
4890,GOX,244,7,49,5,0.0252283,0.0723087,0.348897
4900,GOX,147,5,0,0,0.0255451,0.0359089,0.711387
4910,GOX,308,8,0,0,0.0263105,0.0439864,0.59815
4920,GOX,67,4,37,5,0.0259112,0.0585302,0.442698
4930,GOX,221,5,0,0,0.025852,0.0409982,0.630563
4940,GOX,243,6,67,5,0.0258251,0.0689031,0.374803
4950,GOX,208,5,239,7,0.0263675,0.0769939,0.342462
4960,GOX,239,6,0,0,0.0255705,0.0407868,0.626931
4970,GOX,374,7,0,0,0.0256063,0.0502002,0.510082
4980,GOX,235,5,0,0,0.0256271,0.0369993,0.692638
4990,GOX,324,8,389,8,0.0259304,0.109407,0.237008
5000,GOX,278,4,494,11,0.0260162,0.107222,0.242639
5010,GOX,297,6,0,0,0.0281774,0.0439857,0.640604
5020,GOX,220,6,0,0,0.0263424,0.043679,0.603092
5030,GOX,155,6,0,0,0.0257173,0.0388111,0.662628
5040,GOX,109,4,22,5,0.026371,0.0612146,0.430795
5050,GOX,219,5,75,5,0.0258305,0.0715219,0.361155
5060,GOX,169,5,105,6,0.0262652,0.0724881,0.362338
5070,GOX,125,5,0,0,0.0265051,0.0328813,0.806083
5080,GOX,273,7,0,0,0.0264009,0.0457675,0.576848
5090,GOX,312,6,0,0,0.0256044,0.0421455,0.607524
5100,GOX,155,5,0,0,0.0262485,0.0371106,0.707305
5110,GOX,396,7,370,7,0.02668,0.105427,0.253065
5120,GOX,275,5,0,0,0.0260177,0.0432581,0.601452
5130,GOX,220,8,0,0,0.0258564,0.0466802,0.553906
5140,GOX,277,6,0,0,0.0259427,0.0363304,0.714077
5150,GOX,362,7,131,5,0.0259073,0.0784906,0.330068
5160,GOX,133,7,0,0,0.0265062,0.0362985,0.730228
5170,GOX,319,7,0,0,0.0265203,0.0477279,0.555655
5180,GOX,212,6,0,0,0.0261257,0.0384328,0.679776
5190,GOX,294,6,0,0,0.0257391,0.044622,0.576826
5200,GOX,226,7,0,0,0.0256093,0.0388405,0.659347
5210,GOX,119,5,0,0,0.026148,0.0322761,0.810133
5220,GOX,286,7,0,0,0.0257277,0.0459477,0.559935
5230,GOX,226,5,0,0,0.0260914,0.0352304,0.740594
5240,GOX,293,6,0,0,0.0255134,0.0439081,0.581065
5250,GOX,299,7,228,6,0.026122,0.0935868,0.279121
5260,GOX,225,7,0,0,0.0254256,0.0459074,0.553845
5270,GOX,144,4,0,0,0.0260047,0.0321722,0.808297
5280,GOX,203,5,0,0,0.0261545,0.0339945,0.769375
5290,GOX,0,3,48,6,0.000600081,0.0530624,0.011309
5300,GOX,366,7,75,5,0.0257934,0.12099,0.213186
5310,GOX,263,5,394,8,0.0267137,0.132014,0.202356
5320,GOX,236,6,0,0,0.026582,0.0492664,0.539557
5330,GOX,16,3,0,0,0.000699192,0.0345354,0.0202457
5340,GOX,153,5,0,0,0.0258184,0.0470379,0.548885
5350,GOX,497,8,22,4,0.0270627,0.111241,0.24328
5360,GOX,190,8,20,5,0.0265459,0.100712,0.263583
5370,GOX,342,14,0,0,0.0270018,0.0744388,0.362738
5380,GOX,205,4,0,0,0.0260862,0.0526453,0.495509
5390,GOX,321,6,350,6,0.0267934,0.126583,0.211667
5400,GOX,303,6,392,10,0.0263411,0.149432,0.176275
5410,GOX,89,7,0,0,0.0259436,0.054896,0.472596
5420,GOX,252,8,0,0,0.026798,0.0591936,0.452718
5430,GOX,306,6,226,6,0.0269251,0.125318,0.214854
5440,GOX,335,5,314,7,0.0260325,0.122766,0.21205
5450,GOX,177,5,289,8,0.027032,0.132127,0.204591
5460,GOX,82,7,0,0,0.0266525,0.0473194,0.563247
5470,GOX,306,9,0,0,0.0260091,0.07268,0.357857
5480,GOX,134,6,0,0,0.0263635,0.0524851,0.502305
5490,GOX,247,7,54,5,0.0267671,0.105504,0.253707
5500,GOX,98,4,0,0,0.0265276,0.0439713,0.603294
5510,GOX,227,6,0,0,0.0263786,0.0540356,0.488171
5520,GOX,258,5,180,5,0.0267157,0.117228,0.227896
5530,GOX,135,5,0,0,0.0262742,0.0466535,0.563177
5540,GOX,67,4,226,7,0.0266561,0.118081,0.225744
5550,GOX,181,5,41,6,0.027083,0.104379,0.259468
5560,GOX,274,5,253,9,0.0262868,0.15333,0.17144
5570,GOX,230,5,104,7,0.0265843,0.115248,0.23067
5580,GOX,283,7,0,0,0.0259825,0.0681417,0.381301
5590,GOX,174,6,0,0,0.0264267,0.0520872,0.507355
5600,GOX,337,7,0,0,0.0267032,0.0840794,0.317594
5610,GOX,284,7,0,0,0.0261422,0.0769046,0.33993
5620,GOX,153,5,0,0,0.0263487,0.0500275,0.526684
5630,GOX,196,5,0,0,0.0258789,0.059925,0.431854
5640,GOX,152,4,0,0,0.026027,0.0491905,0.529105
5650,GOX,114,5,230,6,0.0264923,0.107246,0.247025
5660,GOX,348,6,194,6,0.0267742,0.133782,0.200134
5670,GOX,191,4,447,8,0.0263598,0.163507,0.161215
5680,GOX,470,7,0,0,0.0274761,0.0890515,0.308542
5690,GOX,102,5,0,0,0.0258151,0.0485758,0.531441
5700,GOX,117,4,65,9,0.000701063,0.0998571,0.00702066
5710,GOX,160,5,46,4,0.0262472,0.0896443,0.292793
5720,GOX,203,7,324,7,0.026438,0.145954,0.181139
5730,GOX,132,6,0,0,0.0262773,0.0507026,0.518263
5740,GOX,182,5,304,6,0.0263824,0.13465,0.195933
5750,GOX,288,7,0,0,0.0263844,0.0628263,0.419958
5760,GOX,225,5,0,0,0.0258987,0.035263,0.734443
5770,GOX,141,6,231,6,0.0261118,0.131267,0.198921
5780,GOX,273,6,0,0,0.0269762,0.0564008,0.478294
5790,GOX,179,4,0,0,0.0262633,0.0559446,0.469453
5800,GOX,299,6,8,3,0.0263367,0.106821,0.246549
5810,GOX,313,7,0,0,0.026615,0.0685546,0.388231
5820,GOX,365,7,0,0,0.0271358,0.0779991,0.347898
5830,GOX,317,6,0,0,0.0267867,0.0760391,0.352276
5840,GOX,116,5,0,0,0.0263115,0.0470868,0.558788
5850,GOX,158,6,0,0,0.027413,0.0617912,0.44364
5860,GOX,285,5,0,0,0.0260468,0.0691169,0.376851
5870,GOX,370,5,39,4,0.0264264,0.105387,0.250756
5880,GOX,105,5,0,0,0.0267316,0.0537394,0.49743
5890,GOX,38,3,43,6,0.0262465,0.0876912,0.299306
5900,GOX,207,6,0,0,0.0268145,0.0621072,0.431745
5910,GOX,211,7,0,0,0.0258562,0.0696255,0.371362
5920,GOX,341,6,0,0,0.0264539,0.0696858,0.379617
5930,GOX,301,5,0,0,0.0264875,0.0597431,0.443357
5940,GOX,238,6,0,0,0.0262335,0.0594556,0.441229
5950,GOX,281,6,129,7,0.0266018,0.125291,0.21232
5960,GOX,410,6,40,5,0.0264299,0.079391,0.332908
5970,GOX,245,6,0,0,0.0257133,0.0422859,0.608082
5980,GOX,270,5,0,0,0.0261896,0.0364331,0.718842
5990,GOX,136,4,0,0,0.0259477,0.0292312,0.887673
6000,GOX,225,7,0,0,0.0256467,0.045855,0.5593
6010,GOX,343,6,0,0,0.0261888,0.0448975,0.583302
6020,GOX,107,5,0,0,0.0253122,0.031724,0.797888
6030,GOX,322,7,48,5,0.0265631,0.102498,0.259157
6040,GOX,142,5,0,0,0.0269437,0.0650053,0.414484
6050,GOX,188,5,0,0,0.0271318,0.0623956,0.434835
6060,GOX,393,7,88,5,0.0283712,0.165825,0.171091
6070,GOX,149,5,87,6,0.0274822,0.130992,0.209801
6080,GOX,226,5,0,0,0.027733,0.0629758,0.440376
6090,GOX,230,6,591,8,0.0273685,0.188065,0.145527
6100,GOX,106,6,0,0,0.0269253,0.0597712,0.450473
6110,GOX,313,5,277,8,0.0277697,0.1959,0.141755
6120,GOX,354,6,205,7,0.0280586,0.176403,0.159059
6130,GOX,246,6,0,0,0.0270882,0.0776862,0.348688
6140,GOX,228,4,166,6,0.0281314,0.16416,0.171365
6150,GOX,251,5,0,0,0.0280471,0.0621047,0.451609
6160,GOX,212,5,47,4,0.0274998,0.117846,0.233353
6170,GOX,165,6,0,0,0.027009,0.0624553,0.432453
6180,GOX,109,5,240,6,0.0273154,0.151887,0.17984
6190,GOX,409,5,291,7,0.0277598,0.174272,0.15929
6200,GOX,158,5,0,0,0.0273507,0.0620099,0.44107
6210,GOX,48,5,78,7,0.0265892,0.11401,0.233219
6220,GOX,103,4,0,0,0.0272073,0.0575908,0.472425
6230,GOX,224,6,261,8,0.0277235,0.174613,0.158771
6240,GOX,332,8,0,0,0.0277045,0.0869918,0.318472
6250,GOX,277,8,150,7,0.0274812,0.0901776,0.304745
6260,GOX,304,5,0,0,0.0274681,0.0464041,0.591934
6270,GOX,232,5,93,5,0.0257185,0.0807796,0.318379
6280,GOX,161,5,0,0,0.0256933,0.0313009,0.82085
6290,GOX,185,4,228,5,0.026004,0.0726072,0.358146
6300,GOX,262,6,0,0,0.026564,0.0472873,0.561758
6310,GOX,173,5,0,0,0.0259089,0.0447991,0.578334
6320,GOX,261,6,0,0,0.0260601,0.0425856,0.611946
6330,GOX,202,5,0,0,0.0261405,0.0379396,0.689003
6340,GOX,233,6,0,0,0.0257295,0.0389779,0.660105
6350,GOX,431,7,75,6,0.0265723,0.0960633,0.276613
6360,GOX,289,6,0,0,0.0262303,0.0420129,0.624339
6370,GOX,326,7,115,7,0.0259785,0.0880383,0.295081
6380,GOX,126,5,0,0,0.025983,0.033356,0.77896
6390,GOX,289,5,0,0,0.0270031,0.0456385,0.591674
6400,GOX,218,9,0,0,0.0263009,0.0460659,0.570941
6410,GOX,252,6,0,0,0.0268196,0.0472242,0.56792
6420,GOX,358,7,0,0,0.0261428,0.0548177,0.476905
6430,GOX,219,6,0,0,0.0261909,0.0387564,0.675784
6440,GOX,150,5,155,6,0.0259033,0.0829158,0.312405
6450,GOX,284,5,0,0,0.0267368,0.0418621,0.638687
6460,GOX,364,7,0,0,0.0280176,0.0576114,0.48632
6470,GOX,249,6,0,0,0.0273855,0.0454702,0.602274
6480,GOX,472,8,177,6,0.0269687,0.0948796,0.284241
6490,GOX,413,7,122,6,0.0258022,0.0941869,0.273947
6500,GOX,320,6,0,0,0.0258366,0.0485733,0.531909
6510,GOX,216,6,0,0,0.0261168,0.0414258,0.630449
6520,GOX,269,5,209,5,0.0274273,0.0836058,0.328056
6530,GOX,0,3,0,0,0.00100912,0.0251508,0.040123
6540,GOX,253,5,0,0,0.0277129,0.0483843,0.572767
6550,GOX,124,5,0,0,0.0266874,0.0346871,0.769375
6560,GOX,389,6,0,0,0.0263358,0.0533205,0.493915
6570,GOX,133,3,0,0,0.0266234,0.0326735,0.814832
6580,GOX,101,5,0,0,0.0263151,0.0354217,0.742909
6590,GOX,316,7,0,0,0.0269281,0.0448334,0.600624
6600,GOX,61,4,100,6,0.0257593,0.071122,0.362185
6610,GOX,333,7,0,0,0.0267289,0.0539445,0.495489
6620,GOX,156,3,0,0,0.0262095,0.0337793,0.775904
6630,GOX,341,5,0,0,0.0256688,0.0425706,0.602971
6640,GOX,345,6,280,7,0.0266702,0.0976925,0.273002
6650,GOX,108,4,193,6,0.0256993,0.0770588,0.333503
6660,GOX,102,5,0,0,0.0257961,0.0356387,0.723821
6670,GOX,151,6,114,6,0.0265234,0.0757518,0.350136
6680,GOX,347,8,341,8,0.0270355,0.113704,0.237771
6690,GOX,341,7,82,5,0.0266579,0.0822644,0.324052
6700,GOX,196,6,103,6,0.0267216,0.0726698,0.367713
6710,GOX,282,6,275,7,0.0258201,0.0995765,0.259299
6720,GOX,147,5,164,7,0.000772543,0.0765721,0.0100891
6730,GOX,193,5,0,0,0.0261603,0.0370423,0.706228
6740,GOX,153,5,0,0,0.0262496,0.0343839,0.763426
6750,GOX,223,5,0,0,0.0262788,0.0384005,0.684336
6760,GOX,190,6,0,0,0.0263979,0.0422191,0.625258
6770,GOX,346,6,0,0,0.0265174,0.0502266,0.527955
6780,GOX,80,5,0,0,0.0257611,0.0347701,0.740897
6790,GOX,91,4,0,0,0.0261156,0.0322014,0.811007
6800,GOX,184,6,0,0,0.0269316,0.0428824,0.628034
6810,GOX,370,6,0,0,0.026306,0.0527812,0.498397
6820,GOX,137,4,0,0,0.0256836,0.0353298,0.726967
6830,GOX,392,6,0,0,0.0258429,0.0536818,0.481409
6840,GOX,33,4,0,0,0.02628,0.0266661,0.985523
6850,GOX,289,12,294,6,0.0256947,0.106864,0.240443
6860,GOX,250,7,0,0,0.0265441,0.0465956,0.569669
6870,GOX,269,5,0,0,0.0266888,0.0430759,0.619577
6880,GOX,367,6,0,0,0.026583,0.048382,0.54944
6890,GOX,281,7,127,6,0.0256397,0.0833071,0.307773
6900,GOX,403,7,279,9,0.0266256,0.108341,0.245758
6910,GOX,309,10,0,0,0.0263382,0.0578743,0.455094
6920,GOX,153,5,74,5,0.0263622,0.0723579,0.36433
6930,GOX,363,7,0,0,0.0264146,0.0532625,0.495933
6940,GOX,12,3,0,0,0.0257873,0.0265631,0.970794
6950,GOX,41,3,100,6,0.000798853,0.0735355,0.0108635
6960,GOX,184,6,0,0,0.025766,0.0393119,0.655425
6970,GOX,257,6,0,0,0.026221,0.046996,0.557941
6980,GOX,337,8,24,5,0.0259218,0.0856856,0.302522
6990,GOX,269,6,108,5,0.0260651,0.0762891,0.341662
7000,GOX,271,5,0,0,0.0257954,0.0434808,0.59326
7010,GOX,51,4,0,0,0.025642,0.0326544,0.785256
7020,GOX,156,4,141,5,0.0261375,0.0792468,0.329824
7030,GOX,319,7,0,0,0.0265553,0.0535213,0.496163
7040,GOX,124,4,0,0,0.0259122,0.0332242,0.779919
7050,GOX,178,7,0,0,0.0273664,0.0454274,0.602419
7060,GOX,373,7,230,7,0.0283655,0.113307,0.250341
7070,GOX,176,5,107,6,0.0265646,0.0691063,0.384403
7080,GOX,287,5,0,0,0.0263853,0.0383048,0.688825
7090,GOX,213,6,0,0,0.0264095,0.0468166,0.564105
7100,GOX,287,9,197,8,0.027046,0.0938181,0.288281
7110,GOX,262,6,0,0,0.026725,0.0478245,0.558813
7120,GOX,333,6,0,0,0.0261725,0.0449936,0.581694
7130,GOX,182,6,0,0,0.0262339,0.0427597,0.613521
7140,GOX,42,3,0,0,0.0259245,0.0285898,0.906773
7150,GOX,386,7,0,0,0.0259559,0.0615532,0.421682
7160,GOX,135,4,0,0,0.0267897,0.0334072,0.801915
7170,GOX,302,5,0,0,0.0257951,0.0485631,0.531167
7180,GOX,0,3,0,0,0.000780818,0.0212213,0.0367941
7190,GOX,298,6,0,0,0.0255541,0.0463621,0.551184
7200,GOX,191,5,480,7,0.0265693,0.103581,0.256506
7210,GOX,179,5,0,0,0.0261978,0.0424256,0.617501
7220,GOX,159,4,0,0,0.025889,0.0338031,0.765875
7230,GOX,185,6,0,0,0.026241,0.0422507,0.621078
7240,GOX,360,7,45,5,0.0265633,0.082516,0.321917
7250,GOX,137,6,202,6,0.0255,0.0777487,0.32798
7260,GOX,172,4,0,0,0.0267095,0.0394028,0.677859
7270,GOX,74,8,0,0,0.0260319,0.0400745,0.649589
7280,GOX,369,7,0,0,0.0262468,0.049372,0.531614
7290,GOX,111,4,0,0,0.0261553,0.0340025,0.769217
7300,GOX,330,7,0,0,0.0260312,0.0558443,0.466138
7310,GOX,231,5,0,0,0.027909,0.0398004,0.701224
7320,GOX,285,6,133,5,0.025967,0.0888552,0.292239
7330,GOX,277,6,0,0,0.0271957,0.0412561,0.659192
7340,GOX,99,4,0,0,0.0260045,0.0309334,0.840661
7350,GOX,162,7,0,0,0.0258983,0.0383635,0.675077
7360,GOX,314,6,0,0,0.027186,0.0499241,0.544548
7370,GOX,274,5,0,0,0.0263919,0.0452654,0.583047
7380,GOX,311,5,0,0,0.0265501,0.0442857,0.599518
7390,GOX,246,5,0,0,0.0258659,0.0408233,0.633606
7400,GOX,62,4,0,0,0.0261336,0.0284299,0.919229
7410,GOX,249,6,0,0,0.0278773,0.0517667,0.538517
7420,GOX,33,3,0,0,0.0257828,0.0265743,0.970214
7430,GOX,250,7,204,6,0.0262523,0.101132,0.259585
7440,GOX,306,7,27,4,0.0262575,0.0737905,0.355838
7450,GOX,13,3,0,0,0.0259144,0.0273029,0.949145
7460,GOX,417,6,0,0,0.0264593,0.0545419,0.48512
7470,GOX,348,6,0,0,0.0265591,0.0467129,0.568561
7480,GOX,282,7,0,0,0.026254,0.0457156,0.574291
7490,GOX,215,6,0,0,0.0264201,0.0399092,0.662005
7500,GOX,344,7,0,0,0.0267915,0.0517109,0.518102
7510,GOX,325,7,264,6,0.0256376,0.0931004,0.275376
7520,GOX,158,5,302,8,0.0261806,0.091883,0.284935
7530,GOX,317,5,47,5,0.0265857,0.0849351,0.313012
7540,GOX,200,6,0,0,0.0255027,0.0431786,0.590633
7550,GOX,191,6,0,0,0.0257023,0.0431196,0.59607
7560,GOX,43,4,0,0,0.0260371,0.0290012,0.897792
7570,GOX,334,9,0,0,0.0263833,0.053534,0.492833
7580,GOX,221,5,356,8,0.025891,0.10681,0.242402
7590,GOX,367,10,0,0,0.0263846,0.060486,0.43621
7600,GOX,155,5,0,0,0.0260511,0.0421274,0.618388
7610,GOX,105,4,0,0,0.000691463,0.0302474,0.0228603
7620,GOX,204,8,0,0,0.0260221,0.0397033,0.655414
7630,GOX,272,6,57,5,0.0262221,0.0662256,0.395952
7640,GOX,37,4,124,6,0.0264711,0.0719044,0.368142
7650,GOX,299,6,0,0,0.0263499,0.0547128,0.481603
7660,GOX,136,7,0,0,0.0255375,0.0374032,0.682762
7670,GOX,283,6,0,0,0.0255885,0.0441049,0.580175
7680,GOX,58,5,10,4,0.00113416,0.0565895,0.0200418
7690,GOX,330,5,0,0,0.0260707,0.0459076,0.567895
7700,GOX,183,6,0,0,0.025617,0.041614,0.615587
7710,GOX,67,4,0,0,0.000470433,0.0278845,0.0168708
7720,GOX,186,6,0,0,0.0258421,0.0418685,0.61722
7730,GOX,57,3,0,0,0.0256457,0.0273693,0.937024
7740,GOX,129,4,0,0,0.0257111,0.035613,0.721957
7750,GOX,226,9,0,0,0.0267421,0.0471126,0.56762
7760,GOX,75,5,0,0,0.0260363,0.0292073,0.891431
7770,GOX,198,6,201,7,0.0260888,0.0867613,0.300696
7780,GOX,230,7,76,9,0.0265089,0.0954576,0.277704
7790,GOX,190,7,51,4,0.0263251,0.072433,0.363441
7800,GOX,182,4,473,7,0.0259451,0.106297,0.244082
7810,GOX,131,4,330,7,0.0262773,0.0796209,0.33003
7820,GOX,243,6,322,8,0.025828,0.102411,0.252201
7830,GOX,338,6,0,0,0.0263292,0.0458996,0.573626
7840,GOX,302,5,34,5,0.0259924,0.0743436,0.349625
7850,GOX,166,4,121,6,0.0257426,0.0697012,0.369327
7860,GOX,354,7,87,8,0.0264931,0.0890547,0.297492
7870,GOX,200,5,0,0,0.0261217,0.0420439,0.621296
7880,GOX,108,8,0,0,0.0262638,0.040893,0.642257
7890,GOX,155,6,0,0,0.0271657,0.0388018,0.700114
7900,GOX,273,5,521,7,0.0261467,0.10021,0.260918
7910,GOX,163,6,0,0,0.0256085,0.0365781,0.700104
7920,GOX,306,6,0,0,0.0265569,0.0486336,0.546062
7930,GOX,330,8,227,8,0.0264303,0.102189,0.258642
7940,GOX,125,7,190,7,0.0263055,0.0868704,0.302813
7950,GOX,179,6,320,7,0.0259696,0.0923901,0.281086
7960,GOX,30,4,0,0,0.0263288,0.0278894,0.944044
7970,GOX,144,5,34,5,0.0259819,0.0668646,0.388575
7980,GOX,185,6,28,4,0.0260266,0.0732387,0.355367
7990,GOX,209,6,273,8,0.0258882,0.0914127,0.283201
8000,GOX,151,5,0,0,0.0270636,0.0364924,0.741622
8010,GOX,265,5,0,0,0.0257425,0.0395894,0.650236
8020,GOX,115,5,69,4,0.0260952,0.0715731,0.364595
8030,GOX,242,5,0,0,0.026417,0.0426761,0.619013
8040,GOX,245,7,0,0,0.026211,0.0448211,0.584791
8050,GOX,262,6,0,0,0.0263028,0.0421352,0.624247
8060,GOX,157,5,0,0,0.0267269,0.0355686,0.751418
8070,GOX,231,5,0,0,0.0263302,0.0403167,0.653084
8080,GOX,220,5,0,0,0.0255783,0.0424336,0.602785
8090,GOX,170,6,0,0,0.0258851,0.0391589,0.661025
8100,GOX,132,4,0,0,0.0261965,0.0360565,0.726539
8110,GOX,133,4,0,0,0.0263879,0.0315275,0.836981
8120,GOX,169,7,0,0,0.025899,0.0419845,0.616869
8130,GOX,72,4,0,0,0.0257657,0.0338346,0.761517
8140,GOX,138,4,0,0,0.0261071,0.0310082,0.841942
8150,GOX,30,3,42,7,0.0255934,0.0664341,0.385245
8160,GOX,219,7,0,0,0.0259989,0.0454547,0.571974
8170,GOX,265,7,0,0,0.0256198,0.0468576,0.546758
8180,GOX,118,4,274,7,0.0257525,0.0844245,0.305036
8190,GOX,43,3,0,0,0.000680284,0.0244491,0.0278245
8200,GOX,255,5,198,5,0.026389,0.0982697,0.268536
8210,GOX,296,7,135,10,0.0264099,0.0922464,0.286297
8220,GOX,128,5,0,0,0.0262109,0.0373569,0.701635
8230,GOX,198,5,0,0,0.0256359,0.0380706,0.673378
8240,GOX,122,4,0,0,0.026288,0.0318062,0.826504
8250,GOX,150,7,44,6,0.0262137,0.0730764,0.358716
8260,GOX,174,5,0,0,0.0260531,0.0387254,0.672764
8270,GOX,65,3,43,5,0.0267267,0.0612312,0.436489
8280,GOX,131,4,0,0,0.0277851,0.0348572,0.797113
8290,GOX,191,7,0,0,0.0264004,0.0431272,0.612151
8300,GOX,427,8,0,0,0.026842,0.0623014,0.43084
8310,GOX,21,3,58,9,0.0257739,0.0633783,0.406668
8320,GOX,188,5,0,0,0.0275665,0.0364428,0.756433
8330,GOX,127,6,0,0,0.026433,0.0373892,0.706969
8340,GOX,172,5,62,6,0.0261767,0.0660746,0.396169
8350,GOX,67,4,69,4,0.000731275,0.0610255,0.0119831
8360,GOX,241,6,105,6,0.0265771,0.0757007,0.351082
8370,GOX,276,7,0,0,0.0263376,0.0498672,0.528155
8380,GOX,222,6,0,0,0.026217,0.0476655,0.550022
8390,GOX,342,6,0,0,0.026986,0.044504,0.606372
8400,GOX,146,4,0,0,0.025284,0.0352948,0.716367
8410,GOX,249,5,0,0,0.0259272,0.0428974,0.604401
8420,GOX,375,6,514,7,0.0264942,0.118996,0.222648
8430,GOX,108,4,0,0,0.0258215,0.0313092,0.824726
8440,GOX,402,6,0,0,0.0265816,0.0478247,0.555814
8450,GOX,161,5,94,5,0.0261853,0.0845589,0.30967
8460,GOX,105,4,48,4,0.0263983,0.0699268,0.377514
8470,GOX,147,5,0,0,0.0274521,0.0331013,0.829337
8480,GOX,250,5,206,8,0.0263822,0.0831018,0.317468
8490,GOX,81,4,191,5,0.0264098,0.0721824,0.365876
8500,GOX,180,6,0,0,0.0260142,0.0381022,0.682748
8510,GOX,124,4,173,9,0.0261649,0.0797568,0.328059
8520,GOX,222,5,0,0,0.0258936,0.0395217,0.655173
8530,GOX,278,6,219,7,0.0262614,0.0848262,0.30959
8540,GOX,257,7,0,0,0.0263002,0.0511668,0.514009
8550,GOX,267,5,22,4,0.0266602,0.0791738,0.33673
8560,GOX,118,7,0,0,0.025559,0.0377374,0.677285
8570,GOX,196,9,0,0,0.0264582,0.0533304,0.496118
8580,GOX,221,4,0,0,0.02564,0.0342439,0.748745
8590,GOX,226,5,130,7,0.0255992,0.0787063,0.32525
8600,GOX,257,7,149,8,0.025819,0.0910502,0.283568
8610,GOX,221,7,0,0,0.0259503,0.041501,0.625292
8620,GOX,203,5,0,0,0.0257731,0.0382862,0.673169
8630,GOX,122,4,85,4,0.0263993,0.0713187,0.370159
8640,GOX,251,6,130,11,0.026124,0.0881399,0.296393
8650,GOX,182,5,0,0,0.0261089,0.0403437,0.64716
8660,GOX,222,6,240,6,0.0263449,0.0894554,0.294503
8670,GOX,325,6,177,7,0.0260431,0.0927062,0.28092
8680,GOX,125,5,0,0,0.0257457,0.0373286,0.689704
8690,GOX,202,5,0,0,0.0256413,0.0334383,0.766823
8700,GOX,340,7,0,0,0.0264263,0.0519839,0.508356
8710,GOX,371,9,0,0,0.025854,0.0548867,0.471043
8720,GOX,102,4,35,5,0.0267434,0.0584786,0.457319
8730,GOX,166,7,0,0,0.0258379,0.0409798,0.630504
8740,GOX,299,6,0,0,0.026325,0.0528011,0.498569
8750,GOX,172,6,0,0,0.0268401,0.0371177,0.723107
8760,GOX,233,5,0,0,0.0264873,0.0405532,0.65315
8770,GOX,55,3,75,5,0.0265227,0.0661964,0.400666
8780,GOX,339,5,0,0,0.0261354,0.0470519,0.555459
8790,GOX,233,6,28,6,0.0262742,0.0798257,0.329145
8800,GOX,142,5,0,0,0.0274946,0.0371949,0.739202
8810,GOX,120,6,178,6,0.0256133,0.0743225,0.344623
8820,GOX,257,6,0,0,0.0265369,0.041464,0.639999
8830,GOX,213,5,66,7,0.0259048,0.0798766,0.32431
8840,GOX,0,3,40,6,0.000584083,0.0553595,0.0105507
8850,GOX,155,5,374,9,0.0259076,0.103429,0.250488
8860,GOX,82,3,0,0,0.0255615,0.0265459,0.962915
8870,GOX,173,5,0,0,0.0263654,0.0373102,0.706655
8880,GOX,281,5,205,6,0.0261882,0.0848282,0.308721
8890,GOX,362,6,0,0,0.0257535,0.0562246,0.458048
8900,GOX,218,6,90,6,0.0258904,0.081469,0.317795
8910,GOX,120,4,175,8,0.025381,0.072233,0.351376
8920,GOX,141,4,0,0,0.0261555,0.0354313,0.738202
8930,GOX,237,5,0,0,0.0261724,0.0420248,0.622784
8940,GOX,318,6,78,6,0.025575,0.0802148,0.318831
8950,GOX,382,7,0,0,0.0280755,0.0534185,0.525576
8960,GOX,82,4,0,0,0.0257706,0.0325405,0.791956
8970,GOX,206,7,0,0,0.0258659,0.0397523,0.650678
8980,GOX,215,5,0,0,0.0257372,0.0356246,0.722458
8990,GOX,267,6,0,0,0.0256738,0.0467643,0.549004
9000,GOX,385,6,0,0,0.0262662,0.0494458,0.531212
9010,GOX,149,7,86,7,0.026203,0.0689194,0.380199
9020,GOX,309,6,0,0,0.0263178,0.0453457,0.58038
9030,GOX,313,6,138,8,0.0256304,0.0875226,0.292843
9040,GOX,182,5,0,0,0.0262226,0.039607,0.66207
9050,GOX,277,6,67,4,0.0259244,0.0743992,0.34845
9060,GOX,222,5,217,6,0.0254485,0.0830909,0.306273
9070,GOX,355,6,0,0,0.0263235,0.0386246,0.681523
9080,GOX,33,3,0,0,0.0261299,0.0267733,0.975971
9090,GOX,127,4,189,7,0.0256059,0.0706874,0.362242
9100,GOX,220,6,191,7,0.0257515,0.0842912,0.305506
9110,GOX,221,5,186,6,0.0264837,0.075907,0.348896
9120,GOX,308,6,0,0,0.0261281,0.0445255,0.586812
9130,GOX,127,4,317,7,0.025516,0.0747621,0.341296
9140,GOX,181,5,0,0,0.0263729,0.0368152,0.716361
9150,GOX,208,5,297,5,0.0263311,0.0794868,0.331263
9160,GOX,163,5,0,0,0.0264172,0.0335552,0.787277
9170,GOX,94,5,24,4,0.0255581,0.0531497,0.480871
9180,GOX,260,6,489,7,0.0258564,0.108819,0.23761
9190,GOX,373,6,376,9,0.0263414,0.110908,0.237507
9200,GOX,179,6,0,0,0.0261305,0.0468639,0.557582
9210,GOX,234,6,0,0,0.0260803,0.0386132,0.675425
9220,GOX,127,4,0,0,0.000835035,0.0279798,0.0298442
9230,GOX,115,5,0,0,0.0259574,0.0319244,0.813089
9240,GOX,302,6,0,0,0.0267421,0.0448215,0.596635
9250,GOX,75,6,0,0,0.0259257,0.0319197,0.812215
9260,GOX,198,6,0,0,0.0256871,0.0392459,0.654517
9270,GOX,435,9,0,0,0.0255499,0.0509267,0.501698
9280,GOX,347,7,30,4,0.02639,0.067788,0.389302
9290,GOX,339,6,40,4,0.0256572,0.0764447,0.335631
9300,GOX,282,6,85,5,0.0253026,0.0812122,0.311562
9310,GOX,268,7,0,0,0.0254397,0.043793,0.580907
9320,GOX,337,6,271,7,0.0261912,0.0866889,0.302129
9330,GOX,213,8,0,0,0.0260638,0.037463,0.695722
9340,GOX,180,5,271,7,0.026048,0.0777039,0.335221
9350,GOX,0,3,0,0,0.000680144,0.0236834,0.0287182
9360,GOX,111,4,0,0,0.0262007,0.0277054,0.945689
9370,GOX,224,7,210,6,0.0254883,0.0714271,0.356844
9380,GOX,215,5,0,0,0.0266534,0.0352837,0.755403
9390,GOX,318,8,0,0,0.0257524,0.0466514,0.552018
9400,GOX,248,5,26,4,0.0258151,0.0697787,0.369957
9410,GOX,187,7,0,0,0.0256243,0.0339499,0.754766
9420,GOX,187,4,0,0,0.0268836,0.0312223,0.861039
9430,GOX,287,5,0,0,0.026091,0.0452954,0.576019
9440,GOX,313,5,96,6,0.0257141,0.0693641,0.370712
9450,GOX,119,5,0,0,0.0258051,0.0348211,0.741077
9460,GOX,265,6,0,0,0.0262054,0.0393199,0.666466
9470,GOX,366,6,300,8,0.0255304,0.0866914,0.294497
9480,GOX,148,4,0,0,0.0262765,0.0302599,0.868359
9490,GOX,111,5,0,0,0.0258326,0.0314915,0.820303
9500,GOX,212,6,0,0,0.0261577,0.0426067,0.613934
9510,GOX,466,10,0,0,0.0268023,0.058311,0.459644
9520,GOX,413,7,261,8,0.0257511,0.0952545,0.27034
9530,GOX,99,5,0,0,0.0270357,0.0584143,0.462828
9540,GOX,311,5,0,0,0.0265222,0.0534488,0.496218
9550,GOX,250,6,0,0,0.0262435,0.0474702,0.552843
9560,GOX,248,5,0,0,0.0259662,0.0434665,0.597385
9570,GOX,278,8,22,4,0.0268013,0.0888718,0.301572
9580,GOX,123,4,0,0,0.0255708,0.0339051,0.754186
9590,GOX,0,3,0,0,0.000797968,0.0255302,0.0312558
9600,GOX,260,5,57,6,0.0257117,0.0882209,0.291446
9610,GOX,198,6,384,6,0.0260118,0.103802,0.250591
9620,GOX,184,5,0,0,0.0264584,0.0407832,0.648758
9630,GOX,209,5,0,0,0.0272263,0.0466199,0.584005
9640,GOX,220,5,0,0,0.0260858,0.0410591,0.635322
9650,GOX,382,7,106,6,0.0259708,0.104002,0.249715
9660,GOX,179,5,0,0,0.0269414,0.0389514,0.691666
9670,GOX,123,6,0,0,0.0252018,0.0375254,0.671594
9680,GOX,256,6,74,4,0.0258136,0.0755236,0.341796
9690,GOX,231,7,67,4,0.026201,0.0844817,0.310138
9700,GOX,226,7,0,0,0.0257152,0.0492266,0.522384
9710,GOX,209,6,0,0,0.0276819,0.0432147,0.640567
9720,GOX,68,6,99,6,0.000894056,0.0786209,0.0113717
9730,GOX,301,5,262,7,0.0260442,0.0939911,0.277092
9740,GOX,280,8,0,0,0.025863,0.053884,0.479976
9750,GOX,128,5,173,5,0.0258359,0.0795737,0.324679
9760,GOX,0,3,0,0,0.000834705,0.0272419,0.0306405
9770,GOX,290,8,0,0,0.0263639,0.0479195,0.550171
9780,GOX,113,5,79,6,0.0269965,0.0715023,0.377562
9790,GOX,345,6,0,0,0.0262836,0.058006,0.453118
9800,GOX,163,5,270,6,0.0260297,0.0920016,0.282927
9810,GOX,164,6,0,0,0.0265183,0.0373608,0.709791
9820,GOX,227,6,0,0,0.0257505,0.0443996,0.579971
9830,GOX,259,5,0,0,0.0259319,0.0436959,0.593462
9840,GOX,168,5,0,0,0.0263757,0.0389822,0.676609
9850,GOX,311,8,0,0,0.0257208,0.0511168,0.503176
9860,GOX,122,5,367,6,0.0266813,0.0975422,0.273536
9870,GOX,201,4,0,0,0.0258129,0.0376281,0.686
9880,GOX,304,6,0,0,0.0259167,0.0526071,0.492646
9890,GOX,182,4,0,0,0.0258918,0.0374983,0.69048
9900,GOX,274,7,0,0,0.0262983,0.0534737,0.491799
9910,GOX,155,6,0,0,0.0258552,0.0408364,0.633142
9920,GOX,309,8,131,6,0.0259033,0.0889347,0.291262
9930,GOX,86,4,0,0,0.025957,0.0333783,0.77766
9940,GOX,235,5,0,0,0.0260947,0.0407353,0.640592
9950,GOX,299,10,0,0,0.0260743,0.0461153,0.565416
9960,GOX,303,8,29,6,0.0255748,0.0723571,0.353452
9970,GOX,208,5,79,7,0.0256439,0.0759088,0.337825
9980,GOX,185,6,0,0,0.0258139,0.0364505,0.708191
9990,GOX,368,6,424,11,0.0265722,0.108898,0.24401
10000,GOX,186,6,0,0,0.0258085,0.0340246,0.758526
10010,GOX,276,5,98,7,0.0261051,0.0692361,0.377044
10020,GOX,318,5,251,8,0.025896,0.0877108,0.295243
10030,GOX,301,6,0,0,0.0254244,0.0417186,0.609425
10040,GOX,118,5,0,0,0.0260254,0.0307793,0.845547
10050,GOX,398,7,0,0,0.0260697,0.0451517,0.577379
10060,GOX,105,4,0,0,0.0255814,0.0313695,0.815484
10070,GOX,320,7,54,5,0.0262644,0.0748907,0.350703
10080,GOX,248,7,0,0,0.0253469,0.049786,0.509116
10090,GOX,91,6,0,0,0.0256561,0.033015,0.777105
10100,GOX,359,6,298,10,0.0258131,0.0880139,0.293284
10110,GOX,154,5,0,0,0.0259439,0.0329074,0.788393
10120,GOX,358,8,335,6,0.0260463,0.0983175,0.26492
10130,GOX,156,4,168,5,0.0256664,0.0579557,0.442863
10140,GOX,162,4,0,0,0.025693,0.0335641,0.765491
10150,GOX,120,5,42,6,0.0261633,0.0598627,0.437055
10160,GOX,199,5,428,8,0.0259302,0.0888809,0.291741
10170,GOX,110,5,24,4,0.0256992,0.056615,0.453928
10180,GOX,175,5,0,0,0.0265834,0.0640325,0.415155
10190,GOX,281,6,438,7,0.0264067,0.0920598,0.286843
10200,GOX,282,6,220,5,0.0263654,0.0770408,0.342226
10210,GOX,277,7,0,0,0.0261734,0.0392436,0.666946
10220,GOX,182,5,0,0,0.0259348,0.0368044,0.704664
10230,GOX,156,5,40,5,0.0254445,0.0626207,0.406327
10240,GOX,197,5,0,0,0.0256833,0.0347166,0.739799
10250,GOX,93,4,76,5,0.0258078,0.058523,0.440985
10260,GOX,268,9,0,0,0.0261586,0.046994,0.556637
10270,GOX,248,6,0,0,0.0266047,0.0391952,0.678776
10280,GOX,325,7,0,0,0.02637,0.0471848,0.558867
10290,GOX,317,7,186,5,0.0256921,0.0771487,0.333021
10300,GOX,149,5,279,6,0.0254804,0.0785729,0.324289
10310,GOX,232,6,89,7,0.0259413,0.0733514,0.353657
10320,GOX,84,4,32,7,0.0259399,0.0536002,0.483951
10330,GOX,146,6,0,0,0.0253503,0.0380553,0.666142
10340,GOX,161,9,0,0,0.0260811,0.0449951,0.579642
10350,GOX,226,5,0,0,0.0264478,0.0348574,0.758741
10360,GOX,244,6,66,6,0.0260685,0.0714129,0.365039
10370,GOX,208,6,0,0,0.0258628,0.0411127,0.629071
10380,GOX,325,6,67,10,0.0258443,0.0826136,0.312833
10390,GOX,183,6,0,0,0.0261033,0.0374113,0.697737
10400,GOX,212,6,144,5,0.026059,0.0766904,0.339795
10410,GOX,252,5,327,7,0.0259091,0.0984352,0.263209
10420,GOX,173,8,0,0,0.0254485,0.0493247,0.515938
10430,GOX,188,6,0,0,0.0256351,0.0382252,0.670634
10440,GOX,369,7,264,6,0.0264161,0.0899991,0.293515
10450,GOX,148,5,62,5,0.0257526,0.061169,0.421007
10460,GOX,360,7,0,0,0.0260853,0.0508568,0.512916
10470,GOX,164,5,45,4,0.0256118,0.0659465,0.388373
10480,GOX,301,6,0,0,0.0266858,0.0437289,0.610256
10490,GOX,235,6,0,0,0.025403,0.0407254,0.623762
10500,GOX,128,6,247,6,0.0258598,0.0812191,0.318395
10510,GOX,253,6,0,0,0.0262031,0.0357259,0.733448
10520,GOX,179,5,75,8,0.0255187,0.0728635,0.350226
10530,GOX,224,6,231,6,0.025953,0.0811878,0.319666
10540,GOX,47,3,0,0,0.0263025,0.0250949,1.04812
10550,GOX,262,6,0,0,0.0260041,0.0395305,0.657824
10560,GOX,228,6,237,6,0.0258788,0.0804572,0.321647
10570,GOX,240,7,0,0,0.0258515,0.0449888,0.57462
10580,GOX,363,9,89,6,0.0257838,0.0859468,0.299997
10590,GOX,176,5,0,0,0.025896,0.0347109,0.746046
10600,GOX,120,4,0,0,0.0262499,0.0313247,0.837993
10610,GOX,239,5,0,0,0.0259324,0.0387421,0.669358
10620,GOX,177,6,0,0,0.0262882,0.0386335,0.68045
10630,GOX,0,3,0,0,0.000775725,0.0218583,0.0354888
10640,GOX,276,5,21,4,0.0255689,0.0630169,0.405747
10650,GOX,320,8,0,0,0.0260723,0.0410865,0.634571
10660,GOX,240,6,94,10,0.0280535,0.0808922,0.346801
10670,GOX,161,5,166,7,0.0259237,0.0697911,0.371447
10680,GOX,261,5,0,0,0.0261289,0.0405419,0.644492
10690,GOX,297,7,169,6,0.026589,0.083204,0.319564
10700,GOX,210,5,0,0,0.0264116,0.036138,0.730854
10710,GOX,175,5,265,6,0.0257898,0.0782516,0.329575
10720,GOX,206,5,0,0,0.0266746,0.0395798,0.673946
10730,GOX,136,4,0,0,0.0259397,0.0322854,0.803449
10740,GOX,66,5,0,0,0.0258211,0.0298537,0.864922
10750,GOX,420,9,552,7,0.0257353,0.109512,0.235
10760,GOX,265,5,0,0,0.0261447,0.0368753,0.709005
10770,GOX,301,8,0,0,0.0262215,0.0484181,0.541564
10780,GOX,399,7,0,0,0.0264483,0.0499303,0.529705
10790,GOX,81,6,0,0,0.0259189,0.0297927,0.869976
10800,GOX,342,7,68,6,0.026173,0.0916494,0.285577
10810,GOX,49,4,22,5,0.0259509,0.0523866,0.495372
10820,GOX,273,5,144,5,0.0264453,0.07962,0.332145
10830,GOX,273,6,0,0,0.0259859,0.043539,0.596842
10840,GOX,163,5,21,4,0.0253751,0.051514,0.492587
10850,GOX,168,4,150,7,0.025585,0.0763236,0.335217
10860,GOX,308,6,78,6,0.025744,0.084257,0.305541
10870,GOX,135,5,0,0,0.0259179,0.0361775,0.716411
10880,GOX,208,7,48,5,0.0269583,0.0701271,0.384421
10890,GOX,305,6,196,6,0.0255636,0.0765006,0.334162
10900,GOX,210,4,0,0,0.0263777,0.0346456,0.761357
10910,GOX,179,5,0,0,0.0259532,0.0367752,0.705727
10920,GOX,223,7,205,6,0.0257021,0.0850276,0.30228
10930,GOX,356,7,0,0,0.0264534,0.0473287,0.558929
10940,GOX,71,4,30,4,0.0259313,0.0516488,0.50207
10950,GOX,218,7,171,7,0.0262147,0.0924365,0.283597
10960,GOX,256,7,0,0,0.026133,0.0382291,0.683589
10970,GOX,9,3,0,0,0.0259324,0.0256502,1.011
10980,GOX,272,5,0,0,0.0275047,0.0385337,0.713783
10990,GOX,279,5,269,7,0.0258406,0.0855663,0.301995
11000,GOX,0,3,0,0,0.000778385,0.0245273,0.0317354
11010,GOX,212,5,0,0,0.0265984,0.0407694,0.652412
11020,GOX,186,4,285,7,0.0264437,0.0817741,0.323375
11030,GOX,254,5,177,7,0.0258703,0.0838886,0.308388
11040,GOX,233,5,0,0,0.025709,0.0359039,0.716049
11050,GOX,13,3,0,0,0.0262426,0.0267554,0.980834
11060,GOX,351,4,0,0,0.0264493,0.041211,0.641801
11070,GOX,74,4,0,0,0.0256886,0.0269037,0.954837
11080,GOX,183,6,35,5,0.0263316,0.0622798,0.422796
11090,GOX,123,6,0,0,0.0261576,0.0324944,0.804988
11100,GOX,156,10,0,0,0.0263525,0.0443327,0.594425
11110,GOX,22,3,0,0,0.0255022,0.0234671,1.08672
11120,GOX,132,6,0,0,0.0257851,0.0374144,0.689175
11130,GOX,48,4,133,8,0.0260587,0.0674253,0.386482
11140,GOX,221,5,0,0,0.0259665,0.0369609,0.702539
11150,GOX,302,7,0,0,0.0261153,0.0435985,0.598995
11160,GOX,240,6,0,0,0.0259023,0.0463185,0.559221
11170,GOX,47,3,36,5,0.0258789,0.0497259,0.520431
11180,GOX,105,4,0,0,0.0264603,0.0300986,0.879121
11190,GOX,243,6,72,6,0.0265581,0.0726623,0.365501
11200,GOX,172,5,0,0,0.0260969,0.0379323,0.687986
11210,GOX,291,5,110,7,0.0257326,0.074152,0.347025
11220,GOX,170,5,0,0,0.0273003,0.0320826,0.850937
11230,GOX,339,8,33,4,0.0258791,0.0759468,0.340753
11240,GOX,168,5,0,0,0.02565,0.0359879,0.71274
11250,GOX,173,6,0,0,0.0256455,0.0422897,0.606424
11260,GOX,468,7,187,8,0.0267473,0.0928151,0.288178
11270,GOX,155,6,357,6,0.0269398,0.0802734,0.3356
11280,GOX,133,5,170,5,0.0255527,0.0654829,0.39022
11290,GOX,203,5,0,0,0.0257902,0.0388765,0.663386
11300,GOX,65,4,153,7,0.0270632,0.0699278,0.387016
11310,GOX,172,5,0,0,0.0261114,0.0389095,0.671081
11320,GOX,332,6,0,0,0.0270371,0.0449541,0.601437
11330,GOX,339,5,0,0,0.0262267,0.0371623,0.705735
11340,GOX,320,8,0,0,0.0261776,0.0494507,0.529367
11350,GOX,217,4,29,5,0.0257399,0.0647142,0.397747
11360,GOX,321,5,259,7,0.0260742,0.0802993,0.324713
11370,GOX,428,6,88,6,0.0255567,0.0830772,0.307626
11380,GOX,223,6,0,0,0.0274718,0.0383547,0.716257
11390,GOX,181,7,0,0,0.0258045,0.0374434,0.68916
11400,GOX,261,7,0,0,0.0267401,0.041445,0.645194
11410,GOX,162,7,0,0,0.026014,0.0387989,0.670482
11420,GOX,226,7,0,0,0.0260778,0.0430497,0.60576
11430,GOX,98,5,90,5,0.0260687,0.0629216,0.414305
11440,GOX,290,5,0,0,0.0258547,0.0432773,0.597419
11450,GOX,138,5,0,0,0.0263535,0.0374357,0.703967
11460,GOX,123,5,0,0,0.0264468,0.0366052,0.722489
11470,GOX,294,7,0,0,0.0259328,0.0404989,0.640335
11480,GOX,222,6,241,7,0.0261705,0.0937682,0.279097
11490,GOX,5,3,0,0,0.0258942,0.0279491,0.926477
11500,GOX,108,4,0,0,0.026108,0.0386062,0.676266
11510,GOX,218,5,169,7,0.0259391,0.0846365,0.306476
11520,GOX,213,5,54,7,0.025922,0.072909,0.355539
11530,GOX,169,6,0,0,0.0282801,0.0664722,0.425442
11540,GOX,257,5,106,5,0.0270666,0.117947,0.229482
11550,GOX,153,7,0,0,0.0277167,0.0561414,0.493696
11560,GOX,116,7,0,0,0.0292052,0.0599372,0.487264
11570,GOX,185,6,0,0,0.0270764,0.0600266,0.451073
11580,GOX,153,6,0,0,0.0272429,0.0624122,0.4365
11590,GOX,260,6,389,9,0.027268,0.169894,0.1605
11600,GOX,174,4,0,0,0.0272996,0.0499335,0.54672
11610,GOX,270,5,126,10,0.0274761,0.128909,0.213143
11620,GOX,76,5,0,0,0.0260962,0.0466405,0.559518
11630,GOX,232,6,0,0,0.0270826,0.0680736,0.397844
11640,GOX,178,7,0,0,0.0273969,0.0708253,0.386824
11650,GOX,90,4,46,5,0.027358,0.0940273,0.290958
11660,GOX,144,6,0,0,0.0276113,0.0614135,0.449596
11670,GOX,211,7,0,0,0.0271107,0.066499,0.407687
11680,GOX,201,6,0,0,0.0279641,0.0613056,0.456142
11690,GOX,294,6,0,0,0.0269792,0.080043,0.337059
11700,GOX,343,5,250,7,0.02768,0.133693,0.207041
11710,GOX,187,7,0,0,0.0264381,0.0666737,0.39653
11720,GOX,212,5,0,0,0.0279781,0.0552743,0.506168
11730,GOX,0,3,81,4,0.000736435,0.0915206,0.00804666
11740,GOX,237,6,250,7,0.0275788,0.150702,0.183002
11750,GOX,142,4,45,5,0.0276877,0.0914894,0.302633
11760,GOX,181,7,276,7,0.0264113,0.131819,0.20036
11770,GOX,171,5,0,0,0.0266059,0.050035,0.531745
11780,GOX,126,5,89,5,0.0269816,0.103896,0.259698
11790,GOX,302,7,0,0,0.0274404,0.0637216,0.43063
11800,GOX,95,4,292,6,0.0268346,0.113581,0.236259
11810,GOX,118,5,93,7,0.0273212,0.0974554,0.280346
11820,GOX,162,5,0,0,0.0273597,0.0656566,0.41671
11830,GOX,275,7,0,0,0.0278531,0.0667449,0.417307
11840,GOX,193,6,0,0,0.0274042,0.0608074,0.450672
11850,GOX,317,5,0,0,0.026908,0.0720388,0.373521
11860,GOX,179,7,88,6,0.0270907,0.107647,0.251663
11870,GOX,162,6,0,0,0.0269037,0.0569405,0.472488
11880,GOX,109,4,0,0,0.0277309,0.0526582,0.52662
11890,GOX,272,7,285,9,0.0280281,0.169909,0.16496
11900,GOX,233,5,0,0,0.0271242,0.0716009,0.378825
11910,GOX,144,6,0,0,0.0275034,0.0573394,0.479661
11920,GOX,81,5,0,0,0.0271912,0.0546507,0.497546
11930,GOX,21,3,0,0,0.0269017,0.0376702,0.714137
11940,GOX,119,6,0,0,0.0286554,0.0570664,0.502141
11950,GOX,124,7,0,0,0.0272446,0.0519683,0.524255
11960,GOX,166,5,0,0,0.0274762,0.0588238,0.467093
11970,GOX,109,7,38,7,0.0273799,0.111766,0.244976
11980,GOX,194,4,0,0,0.027511,0.0667335,0.412252
11990,GOX,54,5,92,6,0.0285159,0.0993781,0.286943
12000,GOX,72,4,0,0,0.0264541,0.0456842,0.579063
12010,GOX,146,6,0,0,0.028766,0.0517333,0.556044
12020,GOX,360,6,0,0,0.0277495,0.0737099,0.376469
12030,GOX,191,6,231,7,0.0277543,0.137563,0.201757
12040,GOX,117,5,0,0,0.0269163,0.0470587,0.571973
12050,GOX,119,5,0,0,0.0280848,0.0535601,0.52436
12060,GOX,287,6,120,6,0.0273303,0.119816,0.228103
12070,GOX,229,5,0,0,0.0275928,0.0591225,0.466706
12080,GOX,149,4,0,0,0.027191,0.0519095,0.523816
12090,GOX,181,5,0,0,0.0282252,0.0576528,0.489573
12100,GOX,212,4,0,0,0.0270803,0.0594171,0.455767
12110,GOX,290,5,0,0,0.0269626,0.0629431,0.428364
12120,GOX,201,6,0,0,0.0271808,0.0600304,0.452784
12130,GOX,98,4,53,6,0.0281754,0.102635,0.274521
12140,GOX,99,5,198,7,0.0275231,0.110909,0.24816
12150,GOX,287,5,0,0,0.0297379,0.0635097,0.468241
12160,GOX,153,4,48,5,0.026656,0.103333,0.257962
12170,GOX,246,6,0,0,0.0268921,0.0718563,0.374249
12180,GOX,333,6,0,0,0.0274473,0.0823765,0.333194
12190,GOX,211,7,53,6,0.0275685,0.123666,0.222928
12200,GOX,165,4,0,0,0.0268316,0.0487109,0.550834
12210,GOX,231,5,0,0,0.0271164,0.0573113,0.473142
12220,GOX,208,6,274,6,0.0270219,0.15776,0.171285
12230,GOX,237,5,0,0,0.0271149,0.0736777,0.368021
12240,GOX,186,5,0,0,0.0279232,0.0628291,0.444431
12250,GOX,167,6,0,0,0.0269987,0.0626784,0.43075
12260,GOX,346,5,107,6,0.0268241,0.11552,0.232202
12270,GOX,188,6,0,0,0.028043,0.0615928,0.455296
12280,GOX,90,7,0,0,0.0268211,0.0537773,0.498744
12290,GOX,92,4,0,0,0.0275713,0.0508976,0.541701
12300,GOX,126,6,109,5,0.0274102,0.106849,0.256531
12310,GOX,128,4,355,6,0.0276209,0.129152,0.213864
12320,GOX,24,3,0,0,0.0268097,0.0394416,0.679731
12330,GOX,137,5,0,0,0.0274201,0.0653157,0.419808
12340,GOX,264,6,0,0,0.0269865,0.075081,0.359432
12350,GOX,214,5,0,0,0.027414,0.0654176,0.419061
12360,GOX,299,6,0,0,0.0303247,0.0742667,0.408321
12370,GOX,206,5,271,6,0.0265537,0.135756,0.195599
12380,GOX,163,5,125,5,0.0292244,0.105534,0.276918
12390,GOX,243,5,0,0,0.0261426,0.0752672,0.34733
12400,GOX,167,5,0,0,0.0271237,0.0578132,0.469161
12410,GOX,107,6,113,6,0.0268246,0.102141,0.262623
12420,GOX,212,8,0,0,0.027907,0.069933,0.399054
12430,GOX,251,6,194,6,0.0273955,0.150641,0.181859
12440,GOX,163,5,0,0,0.000874934,0.0569148,0.0153727
12450,GOX,282,5,0,0,0.0273778,0.0650813,0.420671
12460,GOX,30,3,0,0,0.0276768,0.0429062,0.645054
12470,GOX,235,7,0,0,0.0271858,0.0603135,0.450741
12480,GOX,279,8,109,9,0.0278466,0.135349,0.205739
12490,GOX,63,4,148,5,0.0264554,0.120533,0.219486
12500,GOX,186,5,0,0,0.0266671,0.0696549,0.382845
12510,GOX,139,5,0,0,0.0272147,0.0565525,0.481228
12520,GOX,148,4,40,6,0.0273712,0.107953,0.253547
12530,GOX,224,7,0,0,0.0279312,0.0713641,0.39139
12540,GOX,76,7,0,0,0.0286655,0.0525151,0.545853
12550,GOX,177,5,0,0,0.0270925,0.0531206,0.510019
12560,GOX,207,5,152,6,0.0273875,0.123297,0.222127
12570,GOX,344,6,0,0,0.026383,0.0758779,0.347703
12580,GOX,230,8,0,0,0.0269706,0.0820593,0.328672
12590,GOX,194,7,0,0,0.0270019,0.055715,0.484644
12600,GOX,224,5,0,0,0.0266049,0.0572413,0.464785
12610,GOX,269,8,0,0,0.027226,0.083873,0.32461
12620,GOX,131,5,62,5,0.0269998,0.103205,0.261613
12630,GOX,155,5,88,6,0.0262908,0.125866,0.208878
12640,GOX,157,5,0,0,0.0277388,0.0571649,0.485241
12650,GOX,109,5,150,6,0.0270827,0.124793,0.217021
12660,GOX,312,6,109,6,0.0276119,0.134055,0.205975
12670,GOX,224,10,0,0,0.0274993,0.0872501,0.315177
12680,GOX,70,4,240,7,0.0272529,0.123747,0.220231
12690,GOX,123,4,188,6,0.0277602,0.127503,0.217721
12700,GOX,177,5,138,5,0.0272985,0.111162,0.245574
12710,GOX,135,4,58,4,0.0272113,0.114231,0.238213
12720,GOX,319,6,154,6,0.0271215,0.151546,0.178966
12730,GOX,16,3,0,0,0.026562,0.0434634,0.611135
12740,GOX,177,5,0,0,0.0260098,0.0573841,0.453258
12750,GOX,260,6,114,5,0.0271178,0.119108,0.227675
12760,GOX,258,6,0,0,0.0274253,0.0661487,0.414601
12770,GOX,181,6,0,0,0.0272316,0.0608879,0.447242
12780,GOX,343,7,0,0,0.0271276,0.0879137,0.308571
12790,GOX,173,6,0,0,0.0267608,0.0587366,0.455606
12800,GOX,169,5,217,7,0.0278186,0.11164,0.249182
12810,GOX,251,7,0,0,0.0271004,0.0600556,0.451256
12820,GOX,173,7,0,0,0.0279983,0.0673151,0.415929
12830,GOX,300,6,116,7,0.0270169,0.139517,0.193647
12840,GOX,316,6,104,9,0.0282246,0.15785,0.178806
12850,GOX,285,5,0,0,0.0278789,0.0649828,0.429019
12860,GOX,29,3,0,0,0.00105,0.0386923,0.0271371
12870,GOX,201,6,0,0,0.0266255,0.056288,0.473022
12880,GOX,263,6,0,0,0.0283346,0.0624737,0.453545
12890,GOX,190,5,290,7,0.0282354,0.15235,0.185332
12900,GOX,233,6,0,0,0.0265032,0.0631075,0.419969
12910,GOX,62,4,0,0,0.0280706,0.0427836,0.656105
12920,GOX,149,6,0,0,0.0272462,0.056139,0.485334
12930,GOX,103,4,181,6,0.0269496,0.106875,0.25216
12940,GOX,156,5,189,6,0.0290381,0.127731,0.227339
12950,GOX,344,8,0,0,0.0270058,0.0702205,0.384585
12960,GOX,376,6,0,0,0.0278323,0.0716252,0.388582
12970,GOX,111,5,39,6,0.0272397,0.106228,0.256427
12980,GOX,217,7,0,0,0.0271626,0.0544999,0.498398
12990,GOX,113,6,0,0,0.0277242,0.0531877,0.521251
13000,GOX,225,6,0,0,0.0268963,0.0627552,0.428591
13010,GOX,230,6,0,0,0.0278358,0.0704192,0.395288
13020,GOX,147,6,106,6,0.026868,0.108368,0.247933
13030,GOX,420,7,0,0,0.0272774,0.0870191,0.313464
13040,GOX,124,6,0,0,0.0274283,0.0579959,0.472935
13050,GOX,195,5,371,6,0.0277757,0.140527,0.197654
13060,GOX,332,6,0,0,0.0270265,0.0792619,0.340977
13070,GOX,223,6,0,0,0.02641,0.0631452,0.418243
13080,GOX,222,8,0,0,0.0273744,0.0812197,0.337041
13090,GOX,293,8,0,0,0.0279015,0.0689792,0.404491
13100,GOX,149,5,0,0,0.0266132,0.0502068,0.530072
13110,GOX,211,6,0,0,0.0268764,0.0732302,0.367013
13120,GOX,316,5,111,7,0.0273541,0.147791,0.185086
13130,GOX,245,6,230,10,0.0276027,0.130851,0.210947
13140,GOX,158,4,211,6,0.0271359,0.134388,0.201921
13150,GOX,81,4,0,0,0.0268289,0.044226,0.606632
13160,GOX,261,6,0,0,0.027077,0.0730885,0.370468
13170,GOX,225,5,0,0,0.0268055,0.0528896,0.50682
13180,GOX,191,6,0,0,0.0276067,0.0603233,0.457645
13190,GOX,135,6,0,0,0.0275725,0.0574999,0.479522
13200,GOX,213,5,239,6,0.0267191,0.135253,0.197549
13210,GOX,70,3,0,0,0.0272894,0.0502603,0.542962
13220,GOX,264,6,108,7,0.0271661,0.129641,0.209549
13230,GOX,168,5,0,0,0.02719,0.0541088,0.502506
13240,GOX,67,4,0,0,0.0273125,0.0521269,0.523963
13250,GOX,219,5,0,0,0.0278602,0.0619479,0.449736
13260,GOX,256,7,0,0,0.0285701,0.0647047,0.441546
13270,GOX,116,4,148,5,0.0274851,0.110021,0.249817
13280,GOX,208,5,0,0,0.0284513,0.050268,0.565992
13290,GOX,142,5,0,0,0.0273408,0.0543784,0.502789
13300,GOX,269,7,89,5,0.0269507,0.124805,0.215942
13310,GOX,111,5,223,7,0.0273946,0.127707,0.214511
13320,GOX,275,8,285,8,0.027725,0.180743,0.153394
13330,GOX,188,6,83,5,0.0265273,0.107866,0.245928
13340,GOX,223,6,0,0,0.027566,0.0639101,0.431325
13350,GOX,154,4,26,7,0.0268634,0.100371,0.26764
13360,GOX,186,6,123,6,0.0274698,0.114914,0.239046
13370,GOX,60,3,0,0,0.0273574,0.0448633,0.609794
13380,GOX,162,6,85,7,0.0272994,0.126398,0.215979
13390,GOX,118,4,0,0,0.0285733,0.0484353,0.589929
13400,GOX,195,4,74,9,0.0277233,0.115547,0.23993
13410,GOX,200,5,211,8,0.0275975,0.148483,0.185862
13420,GOX,100,5,0,0,0.0263449,0.0483704,0.544649
13430,GOX,429,7,0,0,0.0272041,0.100711,0.27012
13440,GOX,266,8,223,6,0.0286714,0.145218,0.197436
13450,GOX,174,6,0,0,0.0271389,0.0526896,0.51507
13460,GOX,128,4,12,4,0.02703,0.0965018,0.280098
13470,GOX,87,4,0,0,0.0269768,0.0529385,0.509587
13480,GOX,26,4,0,0,0.027826,0.0446837,0.622733
13490,GOX,219,5,121,6,0.0276598,0.123069,0.22475
13500,GOX,146,6,0,0,0.0276906,0.0564164,0.490826
13510,GOX,0,3,0,0,0.000650973,0.0410409,0.0158616
13520,GOX,221,6,15,4,0.0271644,0.116239,0.233694
13530,GOX,118,4,0,0,0.0275779,0.0519554,0.530799
13540,GOX,294,6,0,0,0.0288587,0.0694772,0.415369
13550,GOX,151,5,12,3,0.0264068,0.0886188,0.297982
13560,GOX,285,9,147,6,0.0266325,0.139013,0.191582
13570,GOX,392,12,0,0,0.0276669,0.0892895,0.309856
13580,GOX,165,5,305,12,0.0281049,0.151746,0.18521
13590,GOX,189,6,0,0,0.0276618,0.0653602,0.423221
13600,GOX,176,4,86,5,0.0269664,0.104662,0.257653
13610,GOX,111,5,0,0,0.0276826,0.0490631,0.564225
13620,GOX,258,8,148,6,0.0274874,0.151591,0.181326
13630,GOX,339,7,0,0,0.0276925,0.0711181,0.389388
13640,GOX,336,7,0,0,0.0276881,0.0786122,0.352211
13650,GOX,127,6,142,6,0.0273112,0.119979,0.227633
13660,GOX,252,7,99,7,0.0273979,0.132775,0.206349
13670,GOX,345,7,256,6,0.0279786,0.149171,0.18756
13680,GOX,237,6,394,7,0.0287215,0.161744,0.177573
13690,GOX,328,5,266,7,0.0275386,0.146911,0.18745
13700,GOX,279,7,0,0,0.0278475,0.0663341,0.419807
13710,GOX,100,5,0,0,0.026521,0.051192,0.518069
13720,GOX,165,4,168,7,0.0277681,0.130422,0.212909
13730,GOX,112,5,109,6,0.0270125,0.10317,0.261826
13740,GOX,274,6,0,0,0.0275871,0.07483,0.368663
13750,GOX,96,5,185,10,0.0270707,0.124939,0.216672
13760,GOX,103,4,0,0,0.0274899,0.0508629,0.54047
13770,GOX,177,7,0,0,0.026817,0.0673513,0.398166
13780,GOX,251,5,184,7,0.0273634,0.146244,0.187108
13790,GOX,181,5,0,0,0.0274764,0.0668858,0.410795
13800,GOX,261,7,0,0,0.0278273,0.0614789,0.452632
13810,GOX,332,6,130,5,0.0278258,0.147422,0.18875
13820,GOX,182,6,0,0,0.0278891,0.0646183,0.431598
13830,GOX,201,7,244,6,0.0282385,0.147694,0.191195
13840,GOX,231,8,95,6,0.0277123,0.1323,0.209466
13850,GOX,176,4,0,0,0.0265385,0.0643913,0.412143
13860,GOX,128,5,0,0,0.0273105,0.0506275,0.53944
13870,GOX,190,6,0,0,0.0277737,0.0599531,0.463257
13880,GOX,220,7,0,0,0.0278551,0.0671365,0.414903
13890,GOX,186,7,0,0,0.0279166,0.0682419,0.409083
13900,GOX,168,5,60,5,0.0265256,0.0694029,0.382197
13910,GOX,270,5,411,6,0.0252475,0.0884759,0.28536
13920,GOX,332,7,0,0,0.025736,0.0456619,0.56362
13930,GOX,124,6,166,8,0.025763,0.0735628,0.350218
13940,GOX,261,5,0,0,0.0268846,0.0394714,0.681116
13950,GOX,150,5,0,0,0.0262564,0.0380947,0.68924
13960,GOX,191,6,0,0,0.0267271,0.0396589,0.673924
13970,GOX,296,5,0,0,0.0260922,0.0430588,0.605967
13980,GOX,27,3,0,0,0.000722934,0.0220365,0.0328062
13990,GOX,286,6,0,0,0.0261048,0.0447394,0.583487
14000,GOX,255,5,259,7,0.0258942,0.0972662,0.26622
14010,GOX,139,6,0,0,0.0256272,0.0333057,0.769454
14020,GOX,152,7,102,5,0.0256707,0.0674485,0.380598
14030,GOX,85,6,0,0,0.0262142,0.0331799,0.790063
14040,GOX,104,4,0,0,0.0256419,0.0293868,0.872566
14050,GOX,206,5,0,0,0.0257143,0.0402237,0.639282
14060,GOX,3,3,0,0,0.0257792,0.0239139,1.078
14070,GOX,99,4,0,0,0.0255949,0.0293742,0.871338
14080,GOX,352,7,205,7,0.0268791,0.0874964,0.307203
14090,GOX,343,6,0,0,0.0265423,0.0447172,0.59356
14100,GOX,152,5,130,6,0.0257108,0.0773715,0.332304
14110,GOX,38,3,0,0,0.0261938,0.0258588,1.01295
14120,GOX,334,7,155,7,0.025799,0.0835959,0.308616
14130,GOX,142,6,0,0,0.0260949,0.0346385,0.75335
14140,GOX,186,6,0,0,0.0261447,0.0384136,0.680611
14150,GOX,157,4,210,10,0.0257556,0.0973128,0.264668
14160,GOX,244,6,0,0,0.026984,0.0449194,0.600722
14170,GOX,164,5,280,5,0.0256938,0.0810084,0.317175
14180,GOX,229,5,293,6,0.0257411,0.0889105,0.289517
14190,GOX,85,3,191,7,0.0253442,0.0823289,0.30784
14200,GOX,251,5,0,0,0.0258798,0.0437808,0.591122
14210,GOX,95,5,0,0,0.026005,0.03446,0.754643
14220,GOX,204,7,0,0,0.0253219,0.0469605,0.539216
14230,GOX,132,4,0,0,0.0254798,0.0335493,0.759472
14240,GOX,175,6,0,0,0.0257196,0.0426942,0.602416
14250,GOX,25,4,0,0,0.0259668,0.0316363,0.820793
14260,GOX,43,5,0,0,0.000479853,0.0330757,0.0145077
14270,GOX,171,6,0,0,0.0257273,0.0433841,0.593012
14280,GOX,90,6,317,11,0.0248755,0.100387,0.247795
14290,GOX,211,6,0,0,0.0253425,0.0435389,0.582066
14300,GOX,29,3,0,0,0.0254751,0.0302228,0.842909
14310,GOX,217,7,0,0,0.0255992,0.0455795,0.561639
14320,GOX,171,6,0,0,0.0260042,0.0380741,0.68299
14330,GOX,384,6,0,0,0.0255863,0.0555633,0.460489
14340,GOX,190,7,0,0,0.0260133,0.0490294,0.530567
14350,GOX,258,6,0,0,0.0261886,0.0460245,0.569013
14360,GOX,289,6,0,0,0.0254518,0.0509813,0.499238
14370,GOX,212,6,176,6,0.0254312,0.0868465,0.292829
14380,GOX,145,6,116,6,0.0258853,0.0808725,0.320076
14390,GOX,167,6,0,0,0.0253712,0.0383852,0.660963
14400,GOX,299,6,203,7,0.0260229,0.103652,0.251062
14410,GOX,26,5,0,0,0.000722595,0.0312148,0.0231491
14420,GOX,153,5,0,0,0.0258762,0.0413247,0.626168
14430,GOX,173,6,61,6,0.0255201,0.0814395,0.313362
14440,GOX,151,4,171,6,0.0269894,0.0859536,0.313999
14450,GOX,186,5,266,10,0.0253611,0.097649,0.259717
14460,GOX,212,6,0,0,0.0253225,0.0481681,0.525712
14470,GOX,228,5,0,0,0.0259983,0.0435416,0.597091
14480,GOX,91,4,0,0,0.0252725,0.0309609,0.81627
14490,GOX,201,5,0,0,0.0259694,0.0481692,0.539128
14500,GOX,201,4,0,0,0.0256055,0.0430664,0.594559
14510,GOX,297,6,0,0,0.0255564,0.0464435,0.550267
14520,GOX,221,7,174,5,0.0254895,0.081016,0.314622
14530,GOX,223,5,266,6,0.0259171,0.0868975,0.298249
14540,GOX,152,6,0,0,0.0254969,0.0415208,0.614075
14550,GOX,78,3,0,0,0.0262959,0.0319385,0.82333
14560,GOX,82,4,0,0,0.0255384,0.0358348,0.712669
14570,GOX,189,5,0,0,0.0261595,0.0396865,0.659153
14580,GOX,133,5,0,0,0.0253549,0.0405404,0.625424
14590,GOX,112,5,422,7,0.0255536,0.0966322,0.264442
14600,GOX,242,6,0,0,0.0260983,0.0478298,0.545651
14610,GOX,27,3,0,0,0.000546523,0.0287966,0.0189787
14620,GOX,175,6,0,0,0.0259549,0.0392158,0.661848
14630,GOX,197,7,284,8,0.0253896,0.102152,0.248548
14640,GOX,136,5,0,0,0.0260013,0.0351366,0.740006
14650,GOX,95,5,0,0,0.0257552,0.0359014,0.717388
14660,GOX,155,5,298,7,0.02625,0.100143,0.262124
14670,GOX,285,6,264,6,0.026584,0.0950401,0.279714
14680,GOX,45,6,0,0,0.0255214,0.0349843,0.729512
14690,GOX,216,5,410,7,0.0259016,0.104062,0.248906
14700,GOX,206,6,0,0,0.0253935,0.0398737,0.636849
14710,GOX,141,4,0,0,0.0255296,0.0366461,0.696652
14720,GOX,115,5,0,0,0.0266634,0.0349325,0.763284
14730,GOX,157,4,0,0,0.0256432,0.0390532,0.656621
14740,GOX,167,5,0,0,0.0259364,0.0430652,0.602259
14750,GOX,105,5,181,5,0.0258548,0.0848876,0.304576
14760,GOX,261,7,0,0,0.0256521,0.0521313,0.492066
14770,GOX,206,5,26,3,0.0261597,0.0693199,0.377377
14780,GOX,147,5,325,8,0.0261226,0.0991926,0.263353
14790,GOX,160,7,72,5,0.0259774,0.077552,0.334967
14800,GOX,117,4,362,7,0.0254179,0.0952318,0.266906
14810,GOX,204,7,0,0,0.0258691,0.0494984,0.522624
14820,GOX,186,8,209,7,0.0266018,0.0973485,0.273264
14830,GOX,257,5,166,6,0.0259705,0.085127,0.305079
14840,GOX,200,6,0,0,0.0273126,0.0465745,0.586427
14850,GOX,124,5,68,5,0.0259279,0.0761532,0.340471
14860,GOX,347,5,425,8,0.0254371,0.101444,0.250749
14870,GOX,99,5,81,5,0.0260952,0.069597,0.374947
14880,GOX,54,3,0,0,0.0258686,0.0304479,0.849603
14890,GOX,154,6,276,7,0.0256595,0.092476,0.277472
14900,GOX,280,5,0,0,0.0260151,0.0471496,0.551758
14910,GOX,118,6,0,0,0.0256285,0.0397199,0.645232
14920,GOX,91,4,0,0,0.0264503,0.0335606,0.788136
14930,GOX,155,8,97,5,0.0259281,0.0803424,0.32272
14940,GOX,316,6,0,0,0.0262767,0.0440079,0.59709
14950,GOX,81,5,0,0,0.026337,0.0364507,0.722539
14960,GOX,248,7,0,0,0.0266619,0.0475356,0.560883
14970,GOX,124,5,287,7,0.0259456,0.0907267,0.285975
14980,GOX,64,6,0,0,0.000486553,0.0353431,0.0137665
14990,GOX,180,7,106,9,0.025229,0.0897385,0.28114
15000,GOX,240,6,27,4,0.0260068,0.0837249,0.310623
15010,GOX,126,6,220,6,0.0254748,0.0898439,0.283545
15020,GOX,267,6,390,6,0.0265595,0.115562,0.229829
15030,GOX,178,7,0,0,0.0260666,0.046346,0.562435
15040,GOX,145,5,95,6,0.026325,0.0829332,0.317425
15050,GOX,237,6,215,7,0.026444,0.108954,0.242707
15060,GOX,202,7,0,0,0.0261081,0.0538571,0.484766
15070,GOX,175,7,0,0,0.0259351,0.046513,0.557588
15080,GOX,274,5,318,7,0.0261549,0.117343,0.222892
15090,GOX,381,6,0,0,0.0262305,0.0551788,0.475373
15100,GOX,175,3,0,0,0.026471,0.039813,0.664885
15110,GOX,119,6,403,6,0.0262731,0.107232,0.245012
15120,GOX,126,5,0,0,0.0266452,0.0411173,0.64803
15130,GOX,113,6,0,0,0.0266817,0.0410671,0.649711
15140,GOX,189,6,0,0,0.0258973,0.0524793,0.493476
15150,GOX,126,6,0,0,0.0267306,0.0506254,0.528007
15160,GOX,235,6,169,5,0.0264452,0.103304,0.255994
15170,GOX,140,5,0,0,0.0266644,0.0532137,0.501082
15180,GOX,2,3,0,0,0.0260858,0.0346741,0.752315
15190,GOX,161,5,0,0,0.0265471,0.0527015,0.503725
15200,GOX,315,5,306,10,0.0267333,0.126708,0.210984
15210,GOX,114,4,0,0,0.0260493,0.0439321,0.592945
15220,GOX,127,4,138,6,0.0263428,0.104602,0.251839
15230,GOX,172,5,0,0,0.0259941,0.0554511,0.468776
15240,GOX,174,5,0,0,0.0266739,0.0565297,0.471857
15250,GOX,196,7,0,0,0.0260178,0.0494677,0.525955
15260,GOX,262,5,0,0,0.0265502,0.0546098,0.48618
15270,GOX,199,5,0,0,0.0266106,0.0486162,0.54736
15280,GOX,229,5,0,0,0.0261337,0.0598252,0.436834
15290,GOX,63,4,232,7,0.0263977,0.101885,0.259095
15300,GOX,86,5,70,4,0.0267145,0.084931,0.314544
15310,GOX,154,4,135,6,0.026395,0.104102,0.25355
15320,GOX,318,8,0,0,0.0265565,0.0649954,0.408591
15330,GOX,252,5,67,5,0.0265084,0.100869,0.262799
15340,GOX,153,4,55,4,0.026146,0.0932248,0.280462
15350,GOX,262,6,70,9,0.0264173,0.108672,0.243093
15360,GOX,155,6,0,0,0.0261488,0.0500667,0.52228
15370,GOX,238,6,46,7,0.026375,0.104184,0.253157
15380,GOX,190,6,0,0,0.0261073,0.0627724,0.415904
15390,GOX,475,8,0,0,0.0262176,0.0764008,0.343158
15400,GOX,267,6,0,0,0.0261911,0.0613957,0.426595
15410,GOX,245,7,0,0,0.0262315,0.055083,0.476217
15420,GOX,223,5,130,6,0.0264405,0.107643,0.245632
15430,GOX,84,3,4,3,0.0258919,0.0729674,0.354841
15440,GOX,230,5,198,5,0.0267616,0.111479,0.24006
15450,GOX,355,6,0,0,0.0267848,0.0710387,0.377046
15460,GOX,150,5,0,0,0.0265503,0.0444193,0.597718
15470,GOX,144,6,0,0,0.0257239,0.0528963,0.486308
15480,GOX,144,6,0,0,0.0265839,0.0525178,0.506189
15490,GOX,153,6,0,0,0.0263184,0.0520641,0.505499
15500,GOX,65,3,0,0,0.0267016,0.0394961,0.676055
15510,GOX,257,6,0,0,0.026343,0.0621668,0.423748
15520,GOX,336,6,0,0,0.0266744,0.057405,0.464671
15530,GOX,298,6,114,6,0.0265042,0.126368,0.209739
15540,GOX,182,7,0,0,0.0264613,0.0621963,0.425447
15550,GOX,201,6,0,0,0.0263506,0.0556961,0.473114
15560,GOX,215,5,28,4,0.0263554,0.0965387,0.273004
15570,GOX,270,5,0,0,0.0272541,0.0603865,0.451328
15580,GOX,216,7,0,0,0.0262974,0.050755,0.518124
15590,GOX,144,4,0,0,0.0263972,0.0456909,0.577735
15600,GOX,295,6,51,5,0.0267366,0.11746,0.227624
15610,GOX,179,5,0,0,0.0262442,0.0483479,0.54282
15620,GOX,64,3,0,0,0.0261454,0.0415511,0.629235
15630,GOX,147,5,107,7,0.0269768,0.114873,0.234841
15640,GOX,270,7,0,0,0.026402,0.0692582,0.381211
15650,GOX,106,6,0,0,0.0268125,0.0465456,0.576048
15660,GOX,169,7,0,0,0.0258889,0.0592685,0.436807
15670,GOX,224,5,42,5,0.026431,0.101377,0.260722
15680,GOX,197,6,0,0,0.0265331,0.0563626,0.470757
15690,GOX,196,5,0,0,0.0261783,0.0461582,0.567143
15700,GOX,114,6,0,0,0.0259651,0.045338,0.572701
15710,GOX,187,4,0,0,0.026421,0.0531695,0.496921
15720,GOX,171,5,0,0,0.026629,0.0497378,0.535388
15730,GOX,218,6,0,0,0.0255778,0.0368193,0.694686
15740,GOX,272,5,0,0,0.0255149,0.0412499,0.618544
15750,GOX,153,6,78,7,0.0264329,0.0782005,0.338015
15760,GOX,139,7,0,0,0.0256873,0.0389485,0.659518
15770,GOX,210,6,0,0,0.0260325,0.0379374,0.686195
15780,GOX,310,5,0,0,0.0270686,0.0802233,0.337416
15790,GOX,83,4,0,0,0.026998,0.0512643,0.526643
15800,GOX,85,4,271,8,0.0268142,0.149662,0.179164
15810,GOX,167,6,133,6,0.0269222,0.125416,0.214663
15820,GOX,180,5,0,0,0.0268843,0.0643145,0.418012
15830,GOX,152,6,0,0,0.0272532,0.0651197,0.41851
15840,GOX,332,7,0,0,0.0272273,0.0904472,0.30103
15850,GOX,316,7,0,0,0.0276198,0.0674521,0.409473
15860,GOX,195,5,32,7,0.0273461,0.117809,0.232123
15870,GOX,249,6,0,0,0.0269931,0.0791098,0.34121
15880,GOX,393,5,0,0,0.0261452,0.0785375,0.332901
15890,GOX,100,5,0,0,0.0272667,0.052042,0.523936
15900,GOX,215,5,0,0,0.0270629,0.0607137,0.445746
15910,GOX,220,7,37,5,0.0273839,0.113481,0.241308
15920,GOX,73,5,84,6,0.0269061,0.105814,0.254277
15930,GOX,435,7,228,7,0.0276643,0.163456,0.169246
15940,GOX,134,5,0,0,0.0266148,0.0507642,0.524282
15950,GOX,207,6,0,0,0.0276131,0.0762878,0.361959
15960,GOX,146,5,0,0,0.0266218,0.0608409,0.437564
15970,GOX,149,4,0,0,0.026696,0.05519,0.48371
15980,GOX,110,4,0,0,0.0276031,0.055199,0.500066
15990,GOX,291,6,0,0,0.0269927,0.0720077,0.374858
16000,GOX,241,6,249,7,0.0273579,0.148948,0.183674
16010,GOX,177,5,0,0,0.0271898,0.066134,0.411132
16020,GOX,224,5,0,0,0.0266599,0.0676137,0.394297
16030,GOX,146,5,0,0,0.0276898,0.0660834,0.419013
16040,GOX,258,6,0,0,0.0268108,0.0747159,0.358836
16050,GOX,277,6,0,0,0.0268387,0.0658045,0.407855
16060,GOX,242,6,87,5,0.0265154,0.139655,0.189864
16070,GOX,356,5,112,7,0.0273736,0.148512,0.18432
16080,GOX,263,6,0,0,0.0264774,0.0767735,0.344877
16090,GOX,173,5,0,0,0.0271498,0.0627629,0.432577
16100,GOX,91,5,0,0,0.0264903,0.0485968,0.545104
16110,GOX,339,5,0,0,0.0273683,0.0833447,0.328375
16120,GOX,133,5,0,0,0.0270479,0.0565309,0.478461
16130,GOX,274,6,0,0,0.0273705,0.0832296,0.328855
16140,GOX,93,4,24,3,0.0263128,0.107079,0.245732
16150,GOX,260,6,0,0,0.0277025,0.0590001,0.469534
16160,GOX,67,4,0,0,0.0269099,0.0553346,0.486312
16170,GOX,137,11,0,0,0.0273688,0.0744435,0.367645
16180,GOX,131,4,0,0,0.0271287,0.0571501,0.474692
16190,GOX,115,5,0,0,0.0269794,0.0575683,0.468651
16200,GOX,436,8,135,6,0.0273168,0.151187,0.180683
16210,GOX,73,4,0,0,0.0261785,0.0451426,0.579906
16220,GOX,207,4,0,0,0.026653,0.0549658,0.484903
16230,GOX,189,7,0,0,0.0266521,0.0712115,0.374266
16240,GOX,298,5,0,0,0.0276022,0.0803805,0.343394
16250,GOX,209,7,0,0,0.0281492,0.0674986,0.417033
16260,GOX,227,6,103,6,0.0270297,0.14922,0.18114
16270,GOX,84,4,0,0,0.0263045,0.048417,0.543291
16280,GOX,264,6,0,0,0.0266352,0.0818016,0.325607
16290,GOX,77,4,0,0,0.0273854,0.0532463,0.514315
16300,GOX,271,7,0,0,0.0273937,0.0710049,0.3858
16310,GOX,197,5,0,0,0.0265732,0.0740781,0.358719
16320,GOX,74,5,0,0,0.0266822,0.0546588,0.488159
16330,GOX,209,6,145,6,0.0279198,0.146966,0.189974
16340,GOX,108,4,0,0,0.027306,0.0540471,0.505226
16350,GOX,223,5,0,0,0.0277726,0.0741941,0.374324
16360,GOX,219,5,0,0,0.0265946,0.0699334,0.380284
16370,GOX,351,7,344,7,0.0272975,0.186903,0.146052
16380,GOX,272,6,0,0,0.0277272,0.091654,0.30252
16390,GOX,171,4,0,0,0.026427,0.0501424,0.52704
16400,GOX,242,6,19,5,0.0270175,0.104496,0.258551
16410,GOX,64,7,0,0,0.0269777,0.0517734,0.521071
16420,GOX,250,7,316,6,0.026922,0.161464,0.166737
16430,GOX,215,5,233,9,0.0270638,0.140966,0.191988
16440,GOX,199,6,0,0,0.0277871,0.0702385,0.39561
16450,GOX,168,6,0,0,0.0278791,0.0666149,0.418511
16460,GOX,311,5,0,0,0.0268495,0.08528,0.31484
16470,GOX,305,6,103,6,0.0269282,0.14044,0.191741
16480,GOX,202,6,0,0,0.0272229,0.0686426,0.396589
16490,GOX,145,5,218,8,0.0266541,0.147872,0.180251
16500,GOX,135,4,0,0,0.0263329,0.0496262,0.530625
16510,GOX,139,6,0,0,0.0275821,0.0587637,0.469373
16520,GOX,100,4,0,0,0.0269181,0.0561449,0.479439
16530,GOX,170,7,0,0,0.0265833,0.0598773,0.443963
16540,GOX,198,5,25,5,0.0267152,0.113824,0.234707
16550,GOX,272,6,456,9,0.0271884,0.186721,0.14561
16560,GOX,115,5,0,0,0.0266487,0.0560994,0.475026
16570,GOX,102,6,71,4,0.0275541,0.122763,0.224449
16580,GOX,127,4,0,0,0.026952,0.0592703,0.45473
16590,GOX,284,5,122,5,0.0274437,0.146905,0.186813
16600,GOX,161,5,0,0,0.0272449,0.056715,0.480384
16610,GOX,202,8,144,6,0.0276358,0.153205,0.180385
16620,GOX,154,4,0,0,0.0280441,0.0581244,0.482485
16630,GOX,149,5,36,6,0.0265918,0.12341,0.215475
16640,GOX,168,4,0,0,0.0265979,0.0589144,0.451468
16650,GOX,183,5,33,7,0.0261786,0.102551,0.255273
16660,GOX,231,8,241,7,0.026771,0.157029,0.170484
16670,GOX,223,7,0,0,0.0261556,0.0673737,0.388216
16680,GOX,317,5,256,5,0.0272027,0.153763,0.176913
16690,GOX,321,5,268,6,0.0271031,0.156541,0.173138
16700,GOX,113,4,126,6,0.026841,0.124434,0.215705
16710,GOX,258,6,0,0,0.0268921,0.082095,0.327573
16720,GOX,109,5,0,0,0.0280197,0.0606381,0.46208
16730,GOX,143,4,40,5,0.0267047,0.113865,0.23453
16740,GOX,166,5,0,0,0.0268965,0.05992,0.448874
16750,GOX,108,3,0,0,0.0267168,0.0459732,0.581137
16760,GOX,154,4,0,0,0.0263403,0.0611172,0.43098
16770,GOX,215,5,0,0,0.0271755,0.0642915,0.422691
16780,GOX,195,6,0,0,0.0281846,0.0681996,0.413266
16790,GOX,280,5,0,0,0.0275441,0.0740209,0.372113
16800,GOX,32,4,166,6,0.0260149,0.114567,0.227071
16810,GOX,181,5,455,8,0.0268325,0.175927,0.15252
16820,GOX,95,5,0,0,0.0277057,0.0559175,0.495474
16830,GOX,272,5,0,0,0.0260475,0.0412394,0.631615
16840,GOX,313,6,0,0,0.0264282,0.0462716,0.571154
16850,GOX,50,4,0,0,0.025914,0.0301288,0.860109
16860,GOX,215,5,365,7,0.0261082,0.0895134,0.291668
16870,GOX,104,4,0,0,0.0259189,0.0358089,0.72381
16880,GOX,113,4,0,0,0.0254484,0.0321875,0.790631
16890,GOX,236,6,0,0,0.0265686,0.0450007,0.590405
16900,GOX,124,4,0,0,0.0265454,0.0356225,0.745185
16910,GOX,164,6,241,11,0.0261265,0.0897385,0.29114
16920,GOX,132,5,238,9,0.0261116,0.0796106,0.327992
16930,GOX,226,6,0,0,0.0260801,0.040987,0.636302
16940,GOX,54,4,27,4,0.025603,0.0568487,0.450371
16950,GOX,179,4,20,3,0.0257056,0.0644317,0.398959
16960,GOX,171,6,46,5,0.0259794,0.0646313,0.401963
16970,GOX,168,5,0,0,0.025927,0.0408053,0.635382
16980,GOX,0,3,0,0,0.000705334,0.0236474,0.0298271
16990,GOX,199,6,0,0,0.0253952,0.0363933,0.6978
17000,GOX,136,5,50,5,0.0263107,0.0675625,0.389428
17010,GOX,158,6,0,0,0.026174,0.0380675,0.687567
17020,GOX,276,5,0,0,0.0263363,0.0399015,0.660033
17030,GOX,261,6,0,0,0.0265886,0.0446684,0.595245
17040,GOX,114,6,0,0,0.0261869,0.036104,0.725317
17050,GOX,143,4,28,5,0.0262127,0.0606035,0.432528
17060,GOX,247,5,384,6,0.0259803,0.0936555,0.277403
17070,GOX,210,5,183,6,0.0268484,0.0823103,0.326186
17080,GOX,303,10,0,0,0.0261504,0.0484045,0.540247
17090,GOX,98,3,57,6,0.0261609,0.0611419,0.427872
17100,GOX,191,6,99,6,0.0264941,0.0742328,0.356906
17110,GOX,209,5,195,6,0.0258734,0.0775739,0.333532
17120,GOX,293,5,52,5,0.0269785,0.0754315,0.357655
17130,GOX,212,6,0,0,0.0260839,0.0394885,0.660544
17140,GOX,216,7,0,0,0.0261567,0.0452791,0.577678
17150,GOX,22,3,0,0,0.0265559,0.0278062,0.955034
17160,GOX,24,3,0,0,0.025641,0.0250691,1.02281
17170,GOX,148,4,54,6,0.0259048,0.0659817,0.392606
17180,GOX,183,5,278,11,0.0262262,0.0936122,0.280158
17190,GOX,127,5,0,0,0.0269094,0.0346511,0.77658
17200,GOX,266,6,0,0,0.0259173,0.042533,0.609346
17210,GOX,321,5,0,0,0.0258183,0.0398108,0.648525
17220,GOX,235,6,0,0,0.0265229,0.0458258,0.578778
17230,GOX,275,5,0,0,0.0262523,0.0476112,0.551389
17240,GOX,114,4,115,6,0.0260258,0.0677373,0.384216
17250,GOX,26,3,0,0,0.0263345,0.0283738,0.928129
17260,GOX,149,6,0,0,0.0262245,0.0369414,0.709894
17270,GOX,180,6,76,8,0.0263104,0.0812963,0.323636
17280,GOX,155,5,0,0,0.0256442,0.0338218,0.758213
17290,GOX,195,6,305,6,0.0269621,0.0812112,0.332
17300,GOX,151,6,0,0,0.0254209,0.0408023,0.623027
17310,GOX,207,4,239,9,0.0261133,0.0765217,0.341253
17320,GOX,123,5,0,0,0.0256716,0.0357191,0.718708
17330,GOX,242,7,66,6,0.0267166,0.0877025,0.304628
17340,GOX,197,6,0,0,0.0255508,0.0369184,0.692088
17350,GOX,165,5,0,0,0.0262395,0.0362199,0.72445
17360,GOX,314,8,278,6,0.0266122,0.102216,0.260352
17370,GOX,212,5,0,0,0.0260171,0.0401278,0.648355
17380,GOX,293,6,54,5,0.0262662,0.0761245,0.345042
17390,GOX,302,6,0,0,0.0271987,0.0386452,0.703806
17400,GOX,236,5,0,0,0.0258269,0.0412545,0.626037
17410,GOX,419,7,0,0,0.0258128,0.0604369,0.427103
17420,GOX,194,5,0,0,0.025688,0.0370291,0.693727
17430,GOX,408,6,0,0,0.0259293,0.0527962,0.491119
17440,GOX,79,5,0,0,0.0265992,0.0310968,0.855367
17450,GOX,181,6,0,0,0.0266035,0.037631,0.706957
17460,GOX,208,4,0,0,0.0260371,0.0413479,0.629708
17470,GOX,247,5,207,7,0.0263476,0.0903632,0.291574
17480,GOX,241,7,182,8,0.0266484,0.0909024,0.293154
17490,GOX,148,5,0,0,0.0258744,0.0359293,0.720147
17500,GOX,275,6,159,7,0.0267848,0.0922686,0.290292
17510,GOX,61,3,61,4,0.0260104,0.0589006,0.441598
17520,GOX,66,5,144,6,0.0260589,0.0766754,0.33986
17530,GOX,123,5,65,5,0.0264176,0.0632303,0.417799
17540,GOX,317,6,231,6,0.0262397,0.0858268,0.305729
17550,GOX,158,4,0,0,0.0258411,0.0365374,0.70725
17560,GOX,139,6,252,8,0.0266402,0.0799967,0.333016
17570,GOX,91,4,0,0,0.0256457,0.0323623,0.792456
17580,GOX,226,8,158,6,0.0263139,0.0878021,0.299696
17590,GOX,386,6,0,0,0.0266437,0.0491896,0.541653
17600,GOX,254,7,0,0,0.0263317,0.0473129,0.556544
17610,GOX,97,4,0,0,0.025514,0.032495,0.785166
17620,GOX,105,6,0,0,0.0262478,0.0337893,0.776809
17630,GOX,301,5,295,8,0.0262996,0.0889463,0.29568
17640,GOX,328,7,0,0,0.026997,0.0533101,0.506414
17650,GOX,172,5,181,10,0.0258502,0.0777226,0.332596
17660,GOX,115,5,107,5,0.0260595,0.0698019,0.373334
17670,GOX,220,5,0,0,0.0265563,0.0404641,0.656294
17680,GOX,177,5,295,6,0.0261315,0.0835162,0.312892
17690,GOX,89,3,0,0,0.02661,0.0309379,0.86011
17700,GOX,94,5,125,6,0.0262319,0.082597,0.317589
17710,GOX,231,4,0,0,0.0256891,0.0336704,0.762957
17720,GOX,0,3,30,5,0.000722114,0.0502775,0.0143626
17730,GOX,130,5,0,0,0.0259299,0.0331808,0.781472
17740,GOX,185,7,538,9,0.0260855,0.120184,0.217046
17750,GOX,145,5,72,7,0.0257614,0.0718227,0.35868
17760,GOX,179,4,0,0,0.0255496,0.0333032,0.767179
17770,GOX,114,6,0,0,0.0261288,0.0353034,0.740123
17780,GOX,78,4,0,0,0.0259736,0.0322128,0.806314
17790,GOX,187,7,0,0,0.0260243,0.0470476,0.553148
17800,GOX,266,4,263,8,0.0263512,0.089514,0.294381
17810,GOX,385,7,476,8,0.0260755,0.110904,0.235117
17820,GOX,242,7,0,0,0.0259442,0.0394619,0.657451
17830,GOX,255,6,0,0,0.026327,0.0451477,0.58313
17840,GOX,296,6,0,0,0.0264628,0.0463317,0.571159
17850,GOX,226,7,0,0,0.0258295,0.0392067,0.658802
17860,GOX,345,8,0,0,0.0269327,0.051215,0.525875
17870,GOX,157,5,0,0,0.0256122,0.0318321,0.804603
17880,GOX,235,7,0,0,0.0263305,0.0419036,0.628359
17890,GOX,159,4,0,0,0.0257405,0.03234,0.795934
17900,GOX,60,3,0,0,0.0261041,0.0294069,0.887689
17910,GOX,326,6,0,0,0.0258159,0.0420315,0.614204
17920,GOX,275,8,249,7,0.0260269,0.0882391,0.294959
17930,GOX,248,5,28,4,0.025615,0.0663024,0.386337
17940,GOX,84,5,0,0,0.000821614,0.0306228,0.0268301
17950,GOX,245,5,0,0,0.0262221,0.0439339,0.596854
17960,GOX,271,8,241,6,0.0255704,0.0971612,0.263174
17970,GOX,195,5,0,0,0.0262565,0.0368666,0.712201
17980,GOX,226,5,126,7,0.0264436,0.0840918,0.314461
17990,GOX,287,5,500,8,0.0263728,0.0991719,0.26593
18000,GOX,81,4,181,7,0.0261498,0.0763106,0.342676
18010,GOX,223,6,89,7,0.0265876,0.0745256,0.356757
18020,GOX,178,5,195,5,0.0263628,0.0704845,0.374022
18030,GOX,67,4,0,0,0.0261982,0.0310578,0.84353
18040,GOX,22,3,0,0,0.000886335,0.0242586,0.036537
18050,GOX,364,6,0,0,0.0259188,0.0564443,0.459193
18060,GOX,69,4,0,0,0.0266269,0.0317591,0.838401
18070,GOX,215,5,8,4,0.0260194,0.0645406,0.403147
18080,GOX,342,7,0,0,0.0264006,0.0543404,0.485837
18090,GOX,217,7,0,0,0.0254942,0.0421478,0.604876
18100,GOX,210,5,0,0,0.0261514,0.0387887,0.674202
18110,GOX,377,7,205,6,0.0262268,0.0873269,0.30033
18120,GOX,187,6,0,0,0.0265389,0.0443961,0.597776
18130,GOX,220,5,0,0,0.0266679,0.0395276,0.674665
18140,GOX,244,6,0,0,0.0263581,0.0413079,0.638088
18150,GOX,254,6,0,0,0.026497,0.0456293,0.580702
18160,GOX,380,8,0,0,0.0264004,0.0541439,0.487597
18170,GOX,195,5,0,0,0.026245,0.0378743,0.69295
18180,GOX,124,6,0,0,0.0264481,0.0356467,0.741951
18190,GOX,304,5,0,0,0.0262599,0.044943,0.584293
18200,GOX,243,6,0,0,0.0259107,0.0423982,0.611127
18210,GOX,182,5,100,8,0.0262629,0.0772557,0.339948
18220,GOX,203,6,0,0,0.0259258,0.0387844,0.66846
18230,GOX,295,7,0,0,0.0263902,0.0488793,0.539906
18240,GOX,232,6,269,6,0.0269323,0.0934973,0.288054
18250,GOX,337,6,0,0,0.0266459,0.0479125,0.556138
18260,GOX,239,6,249,7,0.026473,0.0955203,0.277145
18270,GOX,124,4,0,0,0.0257059,0.0307204,0.836771
18280,GOX,130,4,0,0,0.026086,0.0324733,0.803306
18290,GOX,347,5,0,0,0.0264842,0.0408786,0.647874
18300,GOX,96,3,0,0,0.0259321,0.0323057,0.802709
